CALC_AVG_DOWNTIME_PLI,dbo,FN,SQL_SCALAR_FUNCTION,0,,bigint,8,19,0,1
CALC_AVG_DOWNTIME_PLI,dbo,FN,SQL_SCALAR_FUNCTION,1,@PLI_cID,uniqueidentifier,16,0,0,0
CALC_AVG_DOWNTIME_PLI,dbo,FN,SQL_SCALAR_FUNCTION,2,@DateDeb,datetime,8,23,3,0
CALC_AVG_DOWNTIME_PLI,dbo,FN,SQL_SCALAR_FUNCTION,3,@DateFin,datetime,8,23,3,0
CALC_AVG_PLB,dbo,FN,SQL_SCALAR_FUNCTION,0,,real,4,24,0,1
CALC_AVG_PLB,dbo,FN,SQL_SCALAR_FUNCTION,1,@PLB_cID,uniqueidentifier,16,0,0,0
CALC_AVG_PLB,dbo,FN,SQL_SCALAR_FUNCTION,2,@DateBegin,datetime,8,23,3,0
CALC_AVG_PLB,dbo,FN,SQL_SCALAR_FUNCTION,3,@DateEnd,datetime,8,23,3,0
CALC_AVG_PLB,dbo,FN,SQL_SCALAR_FUNCTION,4,@MDE_cID,uniqueidentifier,16,0,0,0
CALC_AVG_START_PLI,dbo,FN,SQL_SCALAR_FUNCTION,0,,datetime,8,23,3,1
CALC_AVG_START_PLI,dbo,FN,SQL_SCALAR_FUNCTION,1,@PLI_cID,uniqueidentifier,16,0,0,0
CALC_AVG_START_PLI,dbo,FN,SQL_SCALAR_FUNCTION,2,@DateBegin,datetime,8,23,3,0
CALC_AVG_START_PLI,dbo,FN,SQL_SCALAR_FUNCTION,3,@DateEnd,datetime,8,23,3,0
CALC_COUNT_ACTIVE_EMPLOYEE_PLB,dbo,FN,SQL_SCALAR_FUNCTION,0,,real,4,24,0,1
CALC_COUNT_ACTIVE_EMPLOYEE_PLB,dbo,FN,SQL_SCALAR_FUNCTION,1,@PLB_cID,uniqueidentifier,16,0,0,0
CALC_COUNT_ACTIVE_EMPLOYEE_PLB,dbo,FN,SQL_SCALAR_FUNCTION,2,@Date,datetime,8,23,3,0
CALC_COUNT_ACTIVE_EMPLOYEE_PLI,dbo,FN,SQL_SCALAR_FUNCTION,0,,real,4,24,0,1
CALC_COUNT_ACTIVE_EMPLOYEE_PLI,dbo,FN,SQL_SCALAR_FUNCTION,1,@PLI_cID,uniqueidentifier,16,0,0,0
CALC_COUNT_ACTIVE_EMPLOYEE_PLI,dbo,FN,SQL_SCALAR_FUNCTION,2,@Date,datetime,8,23,3,0
CALC_COUNT_BY_COUNT_MDEs_PLI,dbo,FN,SQL_SCALAR_FUNCTION,0,,real,4,24,0,1
CALC_COUNT_BY_COUNT_MDEs_PLI,dbo,FN,SQL_SCALAR_FUNCTION,1,@PLI_cID,uniqueidentifier,16,0,0,0
CALC_COUNT_BY_COUNT_MDEs_PLI,dbo,FN,SQL_SCALAR_FUNCTION,2,@DateBegin,datetime,8,23,3,0
CALC_COUNT_BY_COUNT_MDEs_PLI,dbo,FN,SQL_SCALAR_FUNCTION,3,@DateEnd,datetime,8,23,3,0
CALC_COUNT_BY_COUNT_MDEs_PLI,dbo,FN,SQL_SCALAR_FUNCTION,4,@MDE_Inputs,varchar,-1,0,0,0
CALC_COUNT_BY_COUNT_MDEs_PLI,dbo,FN,SQL_SCALAR_FUNCTION,5,@MDE_Outputs,varchar,-1,0,0,0
CALC_COUNT_CAT_PLI,dbo,FN,SQL_SCALAR_FUNCTION,0,,int,4,10,0,1
CALC_COUNT_CAT_PLI,dbo,FN,SQL_SCALAR_FUNCTION,1,@PLI_cID,uniqueidentifier,16,0,0,0
CALC_COUNT_CAT_PLI,dbo,FN,SQL_SCALAR_FUNCTION,2,@DateDeb,datetime,8,23,3,0
CALC_COUNT_CAT_PLI,dbo,FN,SQL_SCALAR_FUNCTION,3,@DateFin,datetime,8,23,3,0
CALC_COUNT_CAT_PLI,dbo,FN,SQL_SCALAR_FUNCTION,4,@MDE_cID,uniqueidentifier,16,0,0,0
CALC_COUNT_CAT_PLI,dbo,FN,SQL_SCALAR_FUNCTION,5,@CAT_Tag,nvarchar,-1,0,0,0
CALC_COUNT_DOWNTIME_PLB,dbo,FN,SQL_SCALAR_FUNCTION,0,,int,4,10,0,1
CALC_COUNT_DOWNTIME_PLB,dbo,FN,SQL_SCALAR_FUNCTION,1,@PLB_cID,uniqueidentifier,16,0,0,0
CALC_COUNT_DOWNTIME_PLB,dbo,FN,SQL_SCALAR_FUNCTION,2,@DateDeb,datetime,8,23,3,0
CALC_COUNT_DOWNTIME_PLB,dbo,FN,SQL_SCALAR_FUNCTION,3,@DateFin,datetime,8,23,3,0
CALC_COUNT_DOWNTIME_PLI,dbo,FN,SQL_SCALAR_FUNCTION,0,,int,4,10,0,1
CALC_COUNT_DOWNTIME_PLI,dbo,FN,SQL_SCALAR_FUNCTION,1,@PLI_cID,uniqueidentifier,16,0,0,0
CALC_COUNT_DOWNTIME_PLI,dbo,FN,SQL_SCALAR_FUNCTION,2,@DateDeb,datetime,8,23,3,0
CALC_COUNT_DOWNTIME_PLI,dbo,FN,SQL_SCALAR_FUNCTION,3,@DateFin,datetime,8,23,3,0
CALC_COUNT_EMPLOYEE_PLI,dbo,FN,SQL_SCALAR_FUNCTION,0,,real,4,24,0,1
CALC_COUNT_EMPLOYEE_PLI,dbo,FN,SQL_SCALAR_FUNCTION,1,@PLI_cID,uniqueidentifier,16,0,0,0
CALC_COUNT_EMPLOYEE_PLI,dbo,FN,SQL_SCALAR_FUNCTION,2,@Date,datetime,8,23,3,0
CALC_COUNT_MDEs_PLI,dbo,FN,SQL_SCALAR_FUNCTION,0,,real,4,24,0,1
CALC_COUNT_MDEs_PLI,dbo,FN,SQL_SCALAR_FUNCTION,1,@PLI_cID,uniqueidentifier,16,0,0,0
CALC_COUNT_MDEs_PLI,dbo,FN,SQL_SCALAR_FUNCTION,2,@DateBegin,datetime,8,23,3,0
CALC_COUNT_MDEs_PLI,dbo,FN,SQL_SCALAR_FUNCTION,3,@DateEnd,datetime,8,23,3,0
CALC_COUNT_MDEs_PLI,dbo,FN,SQL_SCALAR_FUNCTION,4,@MDE_cTag,varchar,-1,0,0,0
CALC_COUNT_PLB,dbo,FN,SQL_SCALAR_FUNCTION,0,,int,4,10,0,1
CALC_COUNT_PLB,dbo,FN,SQL_SCALAR_FUNCTION,1,@PLB_cID,uniqueidentifier,16,0,0,0
CALC_COUNT_PLB,dbo,FN,SQL_SCALAR_FUNCTION,2,@DateBegin,datetime,8,23,3,0
CALC_COUNT_PLB,dbo,FN,SQL_SCALAR_FUNCTION,3,@DateEnd,datetime,8,23,3,0
CALC_COUNT_PLB,dbo,FN,SQL_SCALAR_FUNCTION,4,@MDE_cID,uniqueidentifier,16,0,0,0
CALC_COUNT_PLI,dbo,FN,SQL_SCALAR_FUNCTION,0,,int,4,10,0,1
CALC_COUNT_PLI,dbo,FN,SQL_SCALAR_FUNCTION,1,@PLI_cID,uniqueidentifier,16,0,0,0
CALC_COUNT_PLI,dbo,FN,SQL_SCALAR_FUNCTION,2,@DateDeb,datetime,8,23,3,0
CALC_COUNT_PLI,dbo,FN,SQL_SCALAR_FUNCTION,3,@DateFin,datetime,8,23,3,0
CALC_COUNT_PLI,dbo,FN,SQL_SCALAR_FUNCTION,4,@MDE_cID,uniqueidentifier,16,0,0,0
CALC_COUNT_PRD,dbo,FN,SQL_SCALAR_FUNCTION,0,,int,4,10,0,1
CALC_COUNT_PRD,dbo,FN,SQL_SCALAR_FUNCTION,1,@PLI_cID,uniqueidentifier,16,0,0,0
CALC_COUNT_PRD,dbo,FN,SQL_SCALAR_FUNCTION,2,@PRD_cID,uniqueidentifier,16,0,0,0
CALC_COUNT_PRD,dbo,FN,SQL_SCALAR_FUNCTION,3,@DateDeb,datetime,8,23,3,0
CALC_COUNT_PRD,dbo,FN,SQL_SCALAR_FUNCTION,4,@DateFin,datetime,8,23,3,0
CALC_COUNT_PRD,dbo,FN,SQL_SCALAR_FUNCTION,5,@MDE_cID,uniqueidentifier,16,0,0,0
CALC_COUNT_PRD_PLI,dbo,FN,SQL_SCALAR_FUNCTION,0,,int,4,10,0,1
CALC_COUNT_PRD_PLI,dbo,FN,SQL_SCALAR_FUNCTION,1,@PLI_cID,uniqueidentifier,16,0,0,0
CALC_COUNT_PRD_PLI,dbo,FN,SQL_SCALAR_FUNCTION,2,@DateDeb,datetime,8,23,3,0
CALC_COUNT_PRD_PLI,dbo,FN,SQL_SCALAR_FUNCTION,3,@DateFin,datetime,8,23,3,0
CALC_COUNT_PRD_PLI,dbo,FN,SQL_SCALAR_FUNCTION,4,@MDE_cID,uniqueidentifier,16,0,0,0
CALC_COUNT_PRD_PLI,dbo,FN,SQL_SCALAR_FUNCTION,5,@PRD_cTag,varchar,-1,0,0,0
CALC_COUNT_TAG,dbo,FN,SQL_SCALAR_FUNCTION,0,,real,4,24,0,1
CALC_COUNT_TAG,dbo,FN,SQL_SCALAR_FUNCTION,1,@PLI_cID,uniqueidentifier,16,0,0,0
CALC_COUNT_TAG,dbo,FN,SQL_SCALAR_FUNCTION,2,@PRD_cID,uniqueidentifier,16,0,0,0
CALC_COUNT_TAG,dbo,FN,SQL_SCALAR_FUNCTION,3,@DateBegin,datetime,8,23,3,0
CALC_COUNT_TAG,dbo,FN,SQL_SCALAR_FUNCTION,4,@DateEnd,datetime,8,23,3,0
CALC_COUNT_TAG,dbo,FN,SQL_SCALAR_FUNCTION,5,@MDE_cTag,varchar,-1,0,0,0
CALC_COUNT_TAG,dbo,FN,SQL_SCALAR_FUNCTION,6,@Unit,varchar,30,0,0,0
CALC_COUNT_UNIT,dbo,FN,SQL_SCALAR_FUNCTION,0,,real,4,24,0,1
CALC_COUNT_UNIT,dbo,FN,SQL_SCALAR_FUNCTION,1,@PLI_cID,uniqueidentifier,16,0,0,0
CALC_COUNT_UNIT,dbo,FN,SQL_SCALAR_FUNCTION,2,@PRD_cID,uniqueidentifier,16,0,0,0
CALC_COUNT_UNIT,dbo,FN,SQL_SCALAR_FUNCTION,3,@DateBegin,datetime,8,23,3,0
CALC_COUNT_UNIT,dbo,FN,SQL_SCALAR_FUNCTION,4,@DateEnd,datetime,8,23,3,0
CALC_COUNT_UNIT,dbo,FN,SQL_SCALAR_FUNCTION,5,@MDE_cTag,varchar,-1,0,0,0
CALC_COUNT_UNIT,dbo,FN,SQL_SCALAR_FUNCTION,6,@Unit,nvarchar,100,0,0,0
CALC_DISPONIBILITY_PLB,dbo,FN,SQL_SCALAR_FUNCTION,0,,real,4,24,0,1
CALC_DISPONIBILITY_PLB,dbo,FN,SQL_SCALAR_FUNCTION,1,@PLB_cID,uniqueidentifier,16,0,0,0
CALC_DISPONIBILITY_PLB,dbo,FN,SQL_SCALAR_FUNCTION,2,@DateBegin,datetime,8,23,3,0
CALC_DISPONIBILITY_PLB,dbo,FN,SQL_SCALAR_FUNCTION,3,@DateEnd,datetime,8,23,3,0
CALC_DISPONIBILITY_PLI,dbo,FN,SQL_SCALAR_FUNCTION,0,,real,4,24,0,1
CALC_DISPONIBILITY_PLI,dbo,FN,SQL_SCALAR_FUNCTION,1,@PLI_cID,uniqueidentifier,16,0,0,0
CALC_DISPONIBILITY_PLI,dbo,FN,SQL_SCALAR_FUNCTION,2,@DateBegin,datetime,8,23,3,0
CALC_DISPONIBILITY_PLI,dbo,FN,SQL_SCALAR_FUNCTION,3,@DateEnd,datetime,8,23,3,0
CALC_DISPONIBILITY_PRD,dbo,FN,SQL_SCALAR_FUNCTION,0,,real,4,24,0,1
CALC_DISPONIBILITY_PRD,dbo,FN,SQL_SCALAR_FUNCTION,1,@PLI_cID,uniqueidentifier,16,0,0,0
CALC_DISPONIBILITY_PRD,dbo,FN,SQL_SCALAR_FUNCTION,2,@PRD_cID,uniqueidentifier,16,0,0,0
CALC_DISPONIBILITY_PRD,dbo,FN,SQL_SCALAR_FUNCTION,3,@DateBegin,datetime,8,23,3,0
CALC_DISPONIBILITY_PRD,dbo,FN,SQL_SCALAR_FUNCTION,4,@DateEnd,datetime,8,23,3,0
CALC_DISPONIBILITY_TSI,dbo,FN,SQL_SCALAR_FUNCTION,0,,real,4,24,0,1
CALC_DISPONIBILITY_TSI,dbo,FN,SQL_SCALAR_FUNCTION,1,@TSI_cID,uniqueidentifier,16,0,0,0
CALC_DISPONIBILITY_TSI,dbo,FN,SQL_SCALAR_FUNCTION,2,@DateBegin,datetime,8,23,3,0
CALC_DISPONIBILITY_TSI,dbo,FN,SQL_SCALAR_FUNCTION,3,@DateEnd,datetime,8,23,3,0
CALC_DOWNTIME_ACTIVE_PLI,dbo,FN,SQL_SCALAR_FUNCTION,0,,bigint,8,19,0,1
CALC_DOWNTIME_ACTIVE_PLI,dbo,FN,SQL_SCALAR_FUNCTION,1,@PLI_cID,uniqueidentifier,16,0,0,0
CALC_DOWNTIME_ACTIVE_PLI,dbo,FN,SQL_SCALAR_FUNCTION,2,@Date,datetime,8,23,3,0
CALC_DOWNTIME_PLB,dbo,FN,SQL_SCALAR_FUNCTION,0,,bigint,8,19,0,1
CALC_DOWNTIME_PLB,dbo,FN,SQL_SCALAR_FUNCTION,1,@PLB_cID,uniqueidentifier,16,0,0,0
CALC_DOWNTIME_PLB,dbo,FN,SQL_SCALAR_FUNCTION,2,@Date,datetime,8,23,3,0
CALC_DOWNTIME_PLI,dbo,FN,SQL_SCALAR_FUNCTION,0,,bigint,8,19,0,1
CALC_DOWNTIME_PLI,dbo,FN,SQL_SCALAR_FUNCTION,1,@PLI_cID,uniqueidentifier,16,0,0,0
CALC_DOWNTIME_PLI,dbo,FN,SQL_SCALAR_FUNCTION,2,@DateDeb,datetime,8,23,3,0
CALC_DOWNTIME_PLI,dbo,FN,SQL_SCALAR_FUNCTION,3,@DateFin,datetime,8,23,3,0
CALC_DOWNTIME_PRD,dbo,FN,SQL_SCALAR_FUNCTION,0,,bigint,8,19,0,1
CALC_DOWNTIME_PRD,dbo,FN,SQL_SCALAR_FUNCTION,1,@PLI_cID,uniqueidentifier,16,0,0,0
CALC_DOWNTIME_PRD,dbo,FN,SQL_SCALAR_FUNCTION,2,@PRD_cID,uniqueidentifier,16,0,0,0
CALC_DOWNTIME_PRD,dbo,FN,SQL_SCALAR_FUNCTION,3,@DateDeb,datetime,8,23,3,0
CALC_DOWNTIME_PRD,dbo,FN,SQL_SCALAR_FUNCTION,4,@DateFin,datetime,8,23,3,0
CALC_DOWNTIME_UNPLANNED_PLI,dbo,FN,SQL_SCALAR_FUNCTION,0,,bigint,8,19,0,1
CALC_DOWNTIME_UNPLANNED_PLI,dbo,FN,SQL_SCALAR_FUNCTION,1,@PLI_cID,uniqueidentifier,16,0,0,0
CALC_DOWNTIME_UNPLANNED_PLI,dbo,FN,SQL_SCALAR_FUNCTION,2,@DateDeb,datetime,8,23,3,0
CALC_DOWNTIME_UNPLANNED_PLI,dbo,FN,SQL_SCALAR_FUNCTION,3,@DateFin,datetime,8,23,3,0
CALC_DURATION_PLB,dbo,FN,SQL_SCALAR_FUNCTION,0,,bigint,8,19,0,1
CALC_DURATION_PLB,dbo,FN,SQL_SCALAR_FUNCTION,1,@PLB_cID,uniqueidentifier,16,0,0,0
CALC_DURATION_PLB,dbo,FN,SQL_SCALAR_FUNCTION,2,@Date,datetime,8,23,3,0
CALC_DURATION_PLI,dbo,FN,SQL_SCALAR_FUNCTION,0,,real,4,24,0,1
CALC_DURATION_PLI,dbo,FN,SQL_SCALAR_FUNCTION,1,@PLI_cID,uniqueidentifier,16,0,0,0
CALC_DURATION_PLI,dbo,FN,SQL_SCALAR_FUNCTION,2,@DateBegin,datetime,8,23,3,0
CALC_DURATION_PLI,dbo,FN,SQL_SCALAR_FUNCTION,3,@DateEnd,datetime,8,23,3,0
CALC_DURATION_PLI,dbo,FN,SQL_SCALAR_FUNCTION,4,@Divisor,real,4,24,0,0
CALC_DURATION_PRD,dbo,FN,SQL_SCALAR_FUNCTION,0,,real,4,24,0,1
CALC_DURATION_PRD,dbo,FN,SQL_SCALAR_FUNCTION,1,@PLI_cID,uniqueidentifier,16,0,0,0
CALC_DURATION_PRD,dbo,FN,SQL_SCALAR_FUNCTION,2,@PRD_cID,uniqueidentifier,16,0,0,0
CALC_DURATION_PRD,dbo,FN,SQL_SCALAR_FUNCTION,3,@DateBegin,datetime,8,23,3,0
CALC_DURATION_PRD,dbo,FN,SQL_SCALAR_FUNCTION,4,@DateEnd,datetime,8,23,3,0
CALC_EMPLOYEE_COST_PLI,dbo,FN,SQL_SCALAR_FUNCTION,0,,real,4,24,0,1
CALC_EMPLOYEE_COST_PLI,dbo,FN,SQL_SCALAR_FUNCTION,1,@PLI_cID,uniqueidentifier,16,0,0,0
CALC_EMPLOYEE_COST_PLI,dbo,FN,SQL_SCALAR_FUNCTION,2,@DateBegin,datetime,8,23,3,0
CALC_EMPLOYEE_COST_PLI,dbo,FN,SQL_SCALAR_FUNCTION,3,@DateEnd,datetime,8,23,3,0
CALC_EMPLOYEE_TIME_PLI,dbo,FN,SQL_SCALAR_FUNCTION,0,,real,4,24,0,1
CALC_EMPLOYEE_TIME_PLI,dbo,FN,SQL_SCALAR_FUNCTION,1,@PLI_cID,uniqueidentifier,16,0,0,0
CALC_EMPLOYEE_TIME_PLI,dbo,FN,SQL_SCALAR_FUNCTION,2,@DateBegin,datetime,8,23,3,0
CALC_EMPLOYEE_TIME_PLI,dbo,FN,SQL_SCALAR_FUNCTION,3,@DateEnd,datetime,8,23,3,0
CALC_EMPLOYEE_TIME_PRD,dbo,FN,SQL_SCALAR_FUNCTION,0,,real,4,24,0,1
CALC_EMPLOYEE_TIME_PRD,dbo,FN,SQL_SCALAR_FUNCTION,1,@PLI_cID,uniqueidentifier,16,0,0,0
CALC_EMPLOYEE_TIME_PRD,dbo,FN,SQL_SCALAR_FUNCTION,2,@DateBegin,datetime,8,23,3,0
CALC_EMPLOYEE_TIME_PRD,dbo,FN,SQL_SCALAR_FUNCTION,3,@DateEnd,datetime,8,23,3,0
CALC_EMPLOYEE_TIME_PRD,dbo,FN,SQL_SCALAR_FUNCTION,4,@PRD_cID,uniqueidentifier,16,0,0,0
CALC_GAP_STD_PLI,dbo,FN,SQL_SCALAR_FUNCTION,0,,real,4,24,0,1
CALC_GAP_STD_PLI,dbo,FN,SQL_SCALAR_FUNCTION,1,@PLI_cID,uniqueidentifier,16,0,0,0
CALC_GAP_STD_PLI,dbo,FN,SQL_SCALAR_FUNCTION,2,@DateBegin,datetime,8,23,3,0
CALC_GAP_STD_PLI,dbo,FN,SQL_SCALAR_FUNCTION,3,@DateEnd,datetime,8,23,3,0
CALC_GAP_STD_PLI,dbo,FN,SQL_SCALAR_FUNCTION,4,@MDE_cTag,varchar,-1,0,0,0
CALC_GAP_STD_PLI,dbo,FN,SQL_SCALAR_FUNCTION,5,@Identifier,nvarchar,100,0,0,0
CALC_GAP_STD_PLI,dbo,FN,SQL_SCALAR_FUNCTION,6,@Unit,nvarchar,100,0,0,0
CALC_LAST_INTERVAL_DATE_PLI,dbo,FN,SQL_SCALAR_FUNCTION,0,,real,4,24,0,1
CALC_LAST_INTERVAL_DATE_PLI,dbo,FN,SQL_SCALAR_FUNCTION,1,@PLI_cID,uniqueidentifier,16,0,0,0
CALC_LAST_INTERVAL_DATE_PLI,dbo,FN,SQL_SCALAR_FUNCTION,2,@DateBegin,datetime,8,23,3,0
CALC_LAST_INTERVAL_DATE_PLI,dbo,FN,SQL_SCALAR_FUNCTION,3,@DateEnd,datetime,8,23,3,0
CALC_LAST_INTERVAL_DATE_PLI,dbo,FN,SQL_SCALAR_FUNCTION,4,@MDE_cID,uniqueidentifier,16,0,0,0
CALC_LAST_PRD_PLI,dbo,FN,SQL_SCALAR_FUNCTION,0,,varchar,-1,0,0,1
CALC_LAST_PRD_PLI,dbo,FN,SQL_SCALAR_FUNCTION,1,@PLI_cID,uniqueidentifier,16,0,0,0
CALC_LAST_PRD_PLI,dbo,FN,SQL_SCALAR_FUNCTION,2,@DateBegin,datetime,8,23,3,0
CALC_LAST_PRD_PLI,dbo,FN,SQL_SCALAR_FUNCTION,3,@DateEnd,datetime,8,23,3,0
CALC_LAST_PRD_PLI,dbo,FN,SQL_SCALAR_FUNCTION,4,@MDE_cID,uniqueidentifier,16,0,0,0
CALC_LAST_TIME_PLI,dbo,FN,SQL_SCALAR_FUNCTION,0,,real,4,24,0,1
CALC_LAST_TIME_PLI,dbo,FN,SQL_SCALAR_FUNCTION,1,@PLI_cID,uniqueidentifier,16,0,0,0
CALC_LAST_TIME_PLI,dbo,FN,SQL_SCALAR_FUNCTION,2,@DateBegin,datetime,8,23,3,0
CALC_LAST_TIME_PLI,dbo,FN,SQL_SCALAR_FUNCTION,3,@DateEnd,datetime,8,23,3,0
CALC_LAST_TIME_PLI,dbo,FN,SQL_SCALAR_FUNCTION,4,@MDE_cID,uniqueidentifier,16,0,0,0
CALC_LAST_VALUE,dbo,FN,SQL_SCALAR_FUNCTION,0,,real,4,24,0,1
CALC_LAST_VALUE,dbo,FN,SQL_SCALAR_FUNCTION,1,@PLI_cID,uniqueidentifier,16,0,0,0
CALC_LAST_VALUE,dbo,FN,SQL_SCALAR_FUNCTION,2,@MDE_cID,uniqueidentifier,16,0,0,0
CALC_LAST_VALUE_DELAY_PLI,dbo,FN,SQL_SCALAR_FUNCTION,0,,int,4,10,0,1
CALC_LAST_VALUE_DELAY_PLI,dbo,FN,SQL_SCALAR_FUNCTION,1,@PLI_cID,uniqueidentifier,16,0,0,0
CALC_LAST_VALUE_DELAY_PLI,dbo,FN,SQL_SCALAR_FUNCTION,2,@DateBegin,datetime,8,23,3,0
CALC_LAST_VALUE_DELAY_PLI,dbo,FN,SQL_SCALAR_FUNCTION,3,@DateEnd,datetime,8,23,3,0
CALC_LAST_VALUE_DELAY_PLI,dbo,FN,SQL_SCALAR_FUNCTION,4,@MDE_cID,uniqueidentifier,16,0,0,0
CALC_LAST_VALUE_MDEs_PLB,dbo,FN,SQL_SCALAR_FUNCTION,0,,real,4,24,0,1
CALC_LAST_VALUE_MDEs_PLB,dbo,FN,SQL_SCALAR_FUNCTION,1,@PLB_cID,uniqueidentifier,16,0,0,0
CALC_LAST_VALUE_MDEs_PLB,dbo,FN,SQL_SCALAR_FUNCTION,2,@DateEnd,datetime,8,23,3,0
CALC_LAST_VALUE_MDEs_PLB,dbo,FN,SQL_SCALAR_FUNCTION,3,@MDE_cTag,varchar,-1,0,0,0
CALC_LAST_VALUE_MDEs_PLI,dbo,FN,SQL_SCALAR_FUNCTION,0,,real,4,24,0,1
CALC_LAST_VALUE_MDEs_PLI,dbo,FN,SQL_SCALAR_FUNCTION,1,@PLI_cID,uniqueidentifier,16,0,0,0
CALC_LAST_VALUE_MDEs_PLI,dbo,FN,SQL_SCALAR_FUNCTION,2,@DateDeb,datetime,8,23,3,0
CALC_LAST_VALUE_MDEs_PLI,dbo,FN,SQL_SCALAR_FUNCTION,3,@DateFin,datetime,8,23,3,0
CALC_LAST_VALUE_MDEs_PLI,dbo,FN,SQL_SCALAR_FUNCTION,4,@MDE_cTag,varchar,-1,0,0,0
CALC_LAST_VALUE_PLB,dbo,FN,SQL_SCALAR_FUNCTION,0,,real,4,24,0,1
CALC_LAST_VALUE_PLB,dbo,FN,SQL_SCALAR_FUNCTION,1,@PLB_cID,uniqueidentifier,16,0,0,0
CALC_LAST_VALUE_PLB,dbo,FN,SQL_SCALAR_FUNCTION,2,@DateEnd,datetime,8,23,3,0
CALC_LAST_VALUE_PLB,dbo,FN,SQL_SCALAR_FUNCTION,3,@MDE_cID,uniqueidentifier,16,0,0,0
CALC_LAST_VALUE_PLI,dbo,FN,SQL_SCALAR_FUNCTION,0,,real,4,24,0,1
CALC_LAST_VALUE_PLI,dbo,FN,SQL_SCALAR_FUNCTION,1,@PLI_cID,uniqueidentifier,16,0,0,0
CALC_LAST_VALUE_PLI,dbo,FN,SQL_SCALAR_FUNCTION,2,@DateBegin,datetime,8,23,3,0
CALC_LAST_VALUE_PLI,dbo,FN,SQL_SCALAR_FUNCTION,3,@DateEnd,datetime,8,23,3,0
CALC_LAST_VALUE_PLI,dbo,FN,SQL_SCALAR_FUNCTION,4,@MDE_cID,uniqueidentifier,16,0,0,0
CALC_LAST_VALUE_STRING_PLB,dbo,FN,SQL_SCALAR_FUNCTION,0,,varchar,-1,0,0,1
CALC_LAST_VALUE_STRING_PLB,dbo,FN,SQL_SCALAR_FUNCTION,1,@PLB_cID,uniqueidentifier,16,0,0,0
CALC_LAST_VALUE_STRING_PLB,dbo,FN,SQL_SCALAR_FUNCTION,2,@DateEnd,datetime,8,23,3,0
CALC_LAST_VALUE_STRING_PLB,dbo,FN,SQL_SCALAR_FUNCTION,3,@MDE_cID,uniqueidentifier,16,0,0,0
CALC_MDE_BY_MDE_PLI,dbo,FN,SQL_SCALAR_FUNCTION,0,,real,4,24,0,1
CALC_MDE_BY_MDE_PLI,dbo,FN,SQL_SCALAR_FUNCTION,1,@PLI_cID,uniqueidentifier,16,0,0,0
CALC_MDE_BY_MDE_PLI,dbo,FN,SQL_SCALAR_FUNCTION,2,@DateBegin,datetime,8,23,3,0
CALC_MDE_BY_MDE_PLI,dbo,FN,SQL_SCALAR_FUNCTION,3,@DateEnd,datetime,8,23,3,0
CALC_MDE_BY_MDE_PLI,dbo,FN,SQL_SCALAR_FUNCTION,4,@MDE_cID_1,varchar,-1,0,0,0
CALC_MDE_BY_MDE_PLI,dbo,FN,SQL_SCALAR_FUNCTION,5,@MDE_cID_2,varchar,-1,0,0,0
CALC_SPEED_COUNT_ABS_PLI,dbo,FN,SQL_SCALAR_FUNCTION,0,,real,4,24,0,1
CALC_SPEED_COUNT_ABS_PLI,dbo,FN,SQL_SCALAR_FUNCTION,1,@PLI_cID,uniqueidentifier,16,0,0,0
CALC_SPEED_COUNT_ABS_PLI,dbo,FN,SQL_SCALAR_FUNCTION,2,@DateDeb,datetime,8,23,3,0
CALC_SPEED_COUNT_ABS_PLI,dbo,FN,SQL_SCALAR_FUNCTION,3,@DateFin,datetime,8,23,3,0
CALC_SPEED_COUNT_ABS_PLI,dbo,FN,SQL_SCALAR_FUNCTION,4,@MDE_cID,uniqueidentifier,16,0,0,0
CALC_SPEED_COUNT_ABS_PLI,dbo,FN,SQL_SCALAR_FUNCTION,5,@Divisor,int,4,10,0,0
CALC_SPEED_COUNT_PLB,dbo,FN,SQL_SCALAR_FUNCTION,0,,real,4,24,0,1
CALC_SPEED_COUNT_PLB,dbo,FN,SQL_SCALAR_FUNCTION,1,@PLB_cID,uniqueidentifier,16,0,0,0
CALC_SPEED_COUNT_PLB,dbo,FN,SQL_SCALAR_FUNCTION,2,@DateBegin,datetime,8,23,3,0
CALC_SPEED_COUNT_PLB,dbo,FN,SQL_SCALAR_FUNCTION,3,@DateEnd,datetime,8,23,3,0
CALC_SPEED_COUNT_PLB,dbo,FN,SQL_SCALAR_FUNCTION,4,@MDE_cID,uniqueidentifier,16,0,0,0
CALC_SPEED_COUNT_PLB,dbo,FN,SQL_SCALAR_FUNCTION,5,@Divisor,int,4,10,0,0
CALC_SPEED_COUNT_PLI,dbo,FN,SQL_SCALAR_FUNCTION,0,,real,4,24,0,1
CALC_SPEED_COUNT_PLI,dbo,FN,SQL_SCALAR_FUNCTION,1,@PLI_cID,uniqueidentifier,16,0,0,0
CALC_SPEED_COUNT_PLI,dbo,FN,SQL_SCALAR_FUNCTION,2,@DateDeb,datetime,8,23,3,0
CALC_SPEED_COUNT_PLI,dbo,FN,SQL_SCALAR_FUNCTION,3,@DateFin,datetime,8,23,3,0
CALC_SPEED_COUNT_PLI,dbo,FN,SQL_SCALAR_FUNCTION,4,@MDE_cID,uniqueidentifier,16,0,0,0
CALC_SPEED_COUNT_PLI,dbo,FN,SQL_SCALAR_FUNCTION,5,@Divisor,int,4,10,0,0
CALC_SPEED_COUNT_PRD,dbo,FN,SQL_SCALAR_FUNCTION,0,,real,4,24,0,1
CALC_SPEED_COUNT_PRD,dbo,FN,SQL_SCALAR_FUNCTION,1,@PLI_cID,uniqueidentifier,16,0,0,0
CALC_SPEED_COUNT_PRD,dbo,FN,SQL_SCALAR_FUNCTION,2,@PRD_cID,uniqueidentifier,16,0,0,0
CALC_SPEED_COUNT_PRD,dbo,FN,SQL_SCALAR_FUNCTION,3,@DateDeb,datetime,8,23,3,0
CALC_SPEED_COUNT_PRD,dbo,FN,SQL_SCALAR_FUNCTION,4,@DateFin,datetime,8,23,3,0
CALC_SPEED_COUNT_PRD,dbo,FN,SQL_SCALAR_FUNCTION,5,@MDE_cID,uniqueidentifier,16,0,0,0
CALC_SPEED_SUM_MDEs_PLI,dbo,FN,SQL_SCALAR_FUNCTION,0,,real,4,24,0,1
CALC_SPEED_SUM_MDEs_PLI,dbo,FN,SQL_SCALAR_FUNCTION,1,@PLI_cID,uniqueidentifier,16,0,0,0
CALC_SPEED_SUM_MDEs_PLI,dbo,FN,SQL_SCALAR_FUNCTION,2,@DateDeb,datetime,8,23,3,0
CALC_SPEED_SUM_MDEs_PLI,dbo,FN,SQL_SCALAR_FUNCTION,3,@DateFin,datetime,8,23,3,0
CALC_SPEED_SUM_MDEs_PLI,dbo,FN,SQL_SCALAR_FUNCTION,4,@MDE_cTag,varchar,-1,0,0,0
CALC_SPEED_SUM_MDEs_PLI,dbo,FN,SQL_SCALAR_FUNCTION,5,@Divisor,int,4,10,0,0
CALC_SPEED_SUM_PLB,dbo,FN,SQL_SCALAR_FUNCTION,0,,real,4,24,0,1
CALC_SPEED_SUM_PLB,dbo,FN,SQL_SCALAR_FUNCTION,1,@PLB_cID,uniqueidentifier,16,0,0,0
CALC_SPEED_SUM_PLB,dbo,FN,SQL_SCALAR_FUNCTION,2,@Date,datetime,8,23,3,0
CALC_SPEED_SUM_PLB,dbo,FN,SQL_SCALAR_FUNCTION,3,@MDE_cID,uniqueidentifier,16,0,0,0
CALC_SPEED_SUM_PLB,dbo,FN,SQL_SCALAR_FUNCTION,4,@Divisor,int,4,10,0,0
CALC_SPEED_SUM_PLI,dbo,FN,SQL_SCALAR_FUNCTION,0,,real,4,24,0,1
CALC_SPEED_SUM_PLI,dbo,FN,SQL_SCALAR_FUNCTION,1,@PLI_cID,uniqueidentifier,16,0,0,0
CALC_SPEED_SUM_PLI,dbo,FN,SQL_SCALAR_FUNCTION,2,@DateDeb,datetime,8,23,3,0
CALC_SPEED_SUM_PLI,dbo,FN,SQL_SCALAR_FUNCTION,3,@DateFin,datetime,8,23,3,0
CALC_SPEED_SUM_PLI,dbo,FN,SQL_SCALAR_FUNCTION,4,@MDE_cID,uniqueidentifier,16,0,0,0
CALC_SPEED_SUM_PLI,dbo,FN,SQL_SCALAR_FUNCTION,5,@Divisor,int,4,10,0,0
CALC_STD_PLB,dbo,FN,SQL_SCALAR_FUNCTION,0,,real,4,24,0,1
CALC_STD_PLB,dbo,FN,SQL_SCALAR_FUNCTION,1,@PLB_cID,uniqueidentifier,16,0,0,0
CALC_STD_PLB,dbo,FN,SQL_SCALAR_FUNCTION,2,@Date,datetime,8,23,3,0
CALC_STD_PLB,dbo,FN,SQL_SCALAR_FUNCTION,3,@Identifier,nvarchar,100,0,0,0
CALC_SUM_BY_COUNT_PLB,dbo,FN,SQL_SCALAR_FUNCTION,0,,real,4,24,0,1
CALC_SUM_BY_COUNT_PLB,dbo,FN,SQL_SCALAR_FUNCTION,1,@PLB_cID,uniqueidentifier,16,0,0,0
CALC_SUM_BY_COUNT_PLB,dbo,FN,SQL_SCALAR_FUNCTION,2,@DateDeb,datetime,8,23,3,0
CALC_SUM_BY_COUNT_PLB,dbo,FN,SQL_SCALAR_FUNCTION,3,@DateFin,datetime,8,23,3,0
CALC_SUM_BY_COUNT_PLB,dbo,FN,SQL_SCALAR_FUNCTION,4,@MDE_Deb,uniqueidentifier,16,0,0,0
CALC_SUM_BY_COUNT_PLB,dbo,FN,SQL_SCALAR_FUNCTION,5,@MDE_Fin,uniqueidentifier,16,0,0,0
CALC_SUM_BY_SPEED_PLB,dbo,FN,SQL_SCALAR_FUNCTION,0,,real,4,24,0,1
CALC_SUM_BY_SPEED_PLB,dbo,FN,SQL_SCALAR_FUNCTION,1,@PLB_cID,uniqueidentifier,16,0,0,0
CALC_SUM_BY_SPEED_PLB,dbo,FN,SQL_SCALAR_FUNCTION,2,@DateDeb,datetime,8,23,3,0
CALC_SUM_BY_SPEED_PLB,dbo,FN,SQL_SCALAR_FUNCTION,3,@DateFin,datetime,8,23,3,0
CALC_SUM_BY_SPEED_PLB,dbo,FN,SQL_SCALAR_FUNCTION,4,@MDE_cID,uniqueidentifier,16,0,0,0
CALC_SUM_BY_SPEED_PLI,dbo,FN,SQL_SCALAR_FUNCTION,0,,real,4,24,0,1
CALC_SUM_BY_SPEED_PLI,dbo,FN,SQL_SCALAR_FUNCTION,1,@PLI_cID,uniqueidentifier,16,0,0,0
CALC_SUM_BY_SPEED_PLI,dbo,FN,SQL_SCALAR_FUNCTION,2,@DateDeb,datetime,8,23,3,0
CALC_SUM_BY_SPEED_PLI,dbo,FN,SQL_SCALAR_FUNCTION,3,@DateFin,datetime,8,23,3,0
CALC_SUM_BY_SPEED_PLI,dbo,FN,SQL_SCALAR_FUNCTION,4,@MDE_Deb,uniqueidentifier,16,0,0,0
CALC_SUM_BY_SPEED_PLI,dbo,FN,SQL_SCALAR_FUNCTION,5,@MDE_Fin,uniqueidentifier,16,0,0,0
CALC_SUM_BY_SPEED_PLI,dbo,FN,SQL_SCALAR_FUNCTION,6,@Divisor,int,4,10,0,0
CALC_SUM_BY_SUM_MDEs_PLI,dbo,FN,SQL_SCALAR_FUNCTION,0,,real,4,24,0,1
CALC_SUM_BY_SUM_MDEs_PLI,dbo,FN,SQL_SCALAR_FUNCTION,1,@PLI_cID,uniqueidentifier,16,0,0,0
CALC_SUM_BY_SUM_MDEs_PLI,dbo,FN,SQL_SCALAR_FUNCTION,2,@DateBegin,datetime,8,23,3,0
CALC_SUM_BY_SUM_MDEs_PLI,dbo,FN,SQL_SCALAR_FUNCTION,3,@DateEnd,datetime,8,23,3,0
CALC_SUM_BY_SUM_MDEs_PLI,dbo,FN,SQL_SCALAR_FUNCTION,4,@MDE_Inputs,varchar,-1,0,0,0
CALC_SUM_BY_SUM_MDEs_PLI,dbo,FN,SQL_SCALAR_FUNCTION,5,@MDE_Outputs,varchar,-1,0,0,0
CALC_SUM_BY_SUM_PLB,dbo,FN,SQL_SCALAR_FUNCTION,0,,real,4,24,0,1
CALC_SUM_BY_SUM_PLB,dbo,FN,SQL_SCALAR_FUNCTION,1,@PLB_cID,uniqueidentifier,16,0,0,0
CALC_SUM_BY_SUM_PLB,dbo,FN,SQL_SCALAR_FUNCTION,2,@DateDeb,datetime,8,23,3,0
CALC_SUM_BY_SUM_PLB,dbo,FN,SQL_SCALAR_FUNCTION,3,@DateFin,datetime,8,23,3,0
CALC_SUM_BY_SUM_PLB,dbo,FN,SQL_SCALAR_FUNCTION,4,@MDE_Deb,uniqueidentifier,16,0,0,0
CALC_SUM_BY_SUM_PLB,dbo,FN,SQL_SCALAR_FUNCTION,5,@MDE_Fin,uniqueidentifier,16,0,0,0
CALC_SUM_BY_SUM_PLI,dbo,FN,SQL_SCALAR_FUNCTION,0,,real,4,24,0,1
CALC_SUM_BY_SUM_PLI,dbo,FN,SQL_SCALAR_FUNCTION,1,@PLI_cId,uniqueidentifier,16,0,0,0
CALC_SUM_BY_SUM_PLI,dbo,FN,SQL_SCALAR_FUNCTION,2,@DateDeb,datetime,8,23,3,0
CALC_SUM_BY_SUM_PLI,dbo,FN,SQL_SCALAR_FUNCTION,3,@DateFin,datetime,8,23,3,0
CALC_SUM_BY_SUM_PLI,dbo,FN,SQL_SCALAR_FUNCTION,4,@MDE_Deb,uniqueidentifier,16,0,0,0
CALC_SUM_BY_SUM_PLI,dbo,FN,SQL_SCALAR_FUNCTION,5,@MDE_Fin,uniqueidentifier,16,0,0,0
CALC_SUM_CAT_PLI,dbo,FN,SQL_SCALAR_FUNCTION,0,,real,4,24,0,1
CALC_SUM_CAT_PLI,dbo,FN,SQL_SCALAR_FUNCTION,1,@PLI_cID,uniqueidentifier,16,0,0,0
CALC_SUM_CAT_PLI,dbo,FN,SQL_SCALAR_FUNCTION,2,@DateDeb,datetime,8,23,3,0
CALC_SUM_CAT_PLI,dbo,FN,SQL_SCALAR_FUNCTION,3,@DateFin,datetime,8,23,3,0
CALC_SUM_CAT_PLI,dbo,FN,SQL_SCALAR_FUNCTION,4,@MDE_cID,uniqueidentifier,16,0,0,0
CALC_SUM_CAT_PLI,dbo,FN,SQL_SCALAR_FUNCTION,5,@CAT_Tag,nvarchar,-1,0,0,0
CALC_SUM_MDEs_PLB,dbo,FN,SQL_SCALAR_FUNCTION,0,,real,4,24,0,1
CALC_SUM_MDEs_PLB,dbo,FN,SQL_SCALAR_FUNCTION,1,@PLB_cID,uniqueidentifier,16,0,0,0
CALC_SUM_MDEs_PLB,dbo,FN,SQL_SCALAR_FUNCTION,2,@DateDeb,datetime,8,23,3,0
CALC_SUM_MDEs_PLB,dbo,FN,SQL_SCALAR_FUNCTION,3,@DateFin,datetime,8,23,3,0
CALC_SUM_MDEs_PLB,dbo,FN,SQL_SCALAR_FUNCTION,4,@MDE_cTag,varchar,-1,0,0,0
CALC_SUM_MDEs_PLI,dbo,FN,SQL_SCALAR_FUNCTION,0,,real,4,24,0,1
CALC_SUM_MDEs_PLI,dbo,FN,SQL_SCALAR_FUNCTION,1,@PLI_cID,uniqueidentifier,16,0,0,0
CALC_SUM_MDEs_PLI,dbo,FN,SQL_SCALAR_FUNCTION,2,@DateDeb,datetime,8,23,3,0
CALC_SUM_MDEs_PLI,dbo,FN,SQL_SCALAR_FUNCTION,3,@DateFin,datetime,8,23,3,0
CALC_SUM_MDEs_PLI,dbo,FN,SQL_SCALAR_FUNCTION,4,@MDE_cTag,varchar,-1,0,0,0
CALC_SUM_PLB,dbo,FN,SQL_SCALAR_FUNCTION,0,,real,4,24,0,1
CALC_SUM_PLB,dbo,FN,SQL_SCALAR_FUNCTION,1,@PLB_cID,uniqueidentifier,16,0,0,0
CALC_SUM_PLB,dbo,FN,SQL_SCALAR_FUNCTION,2,@DateBegin,datetime,8,23,3,0
CALC_SUM_PLB,dbo,FN,SQL_SCALAR_FUNCTION,3,@DateEnd,datetime,8,23,3,0
CALC_SUM_PLB,dbo,FN,SQL_SCALAR_FUNCTION,4,@MDE_cID,uniqueidentifier,16,0,0,0
CALC_SUM_PLI,dbo,FN,SQL_SCALAR_FUNCTION,0,,real,4,24,0,1
CALC_SUM_PLI,dbo,FN,SQL_SCALAR_FUNCTION,1,@PLI_cID,uniqueidentifier,16,0,0,0
CALC_SUM_PLI,dbo,FN,SQL_SCALAR_FUNCTION,2,@DateDeb,datetime,8,23,3,0
CALC_SUM_PLI,dbo,FN,SQL_SCALAR_FUNCTION,3,@DateFin,datetime,8,23,3,0
CALC_SUM_PLI,dbo,FN,SQL_SCALAR_FUNCTION,4,@MDE_cID,uniqueidentifier,16,0,0,0
CALC_SUM_PRD_PLI,dbo,FN,SQL_SCALAR_FUNCTION,0,,real,4,24,0,1
CALC_SUM_PRD_PLI,dbo,FN,SQL_SCALAR_FUNCTION,1,@PLI_cID,uniqueidentifier,16,0,0,0
CALC_SUM_PRD_PLI,dbo,FN,SQL_SCALAR_FUNCTION,2,@DateDeb,datetime,8,23,3,0
CALC_SUM_PRD_PLI,dbo,FN,SQL_SCALAR_FUNCTION,3,@DateFin,datetime,8,23,3,0
CALC_SUM_PRD_PLI,dbo,FN,SQL_SCALAR_FUNCTION,4,@MDE_cID,uniqueidentifier,16,0,0,0
CALC_SUM_PRD_PLI,dbo,FN,SQL_SCALAR_FUNCTION,5,@PRD_cTag,varchar,-1,0,0,0
CALC_UPTIME_PLI,dbo,FN,SQL_SCALAR_FUNCTION,0,,bigint,8,19,0,1
CALC_UPTIME_PLI,dbo,FN,SQL_SCALAR_FUNCTION,1,@PLI_cID,uniqueidentifier,16,0,0,0
CALC_UPTIME_PLI,dbo,FN,SQL_SCALAR_FUNCTION,2,@DateBegin,datetime,8,23,3,0
CALC_UPTIME_PLI,dbo,FN,SQL_SCALAR_FUNCTION,3,@DateEnd,datetime,8,23,3,0
CLI_IsValidStatut,dbo,FN,SQL_SCALAR_FUNCTION,0,,bit,1,1,0,1
CLI_IsValidStatut,dbo,FN,SQL_SCALAR_FUNCTION,1,@CLI_cStatut,varchar,20,0,0,0
ConcatWithSeparator,dbo,FN,SQL_SCALAR_FUNCTION,0,,nvarchar,-1,0,0,1
ConcatWithSeparator,dbo,FN,SQL_SCALAR_FUNCTION,1,@Str1,nvarchar,-1,0,0,0
ConcatWithSeparator,dbo,FN,SQL_SCALAR_FUNCTION,2,@Str2,nvarchar,-1,0,0,0
ConcatWithSeparator,dbo,FN,SQL_SCALAR_FUNCTION,3,@Separator,nvarchar,-1,0,0,0
CUSTOM_AVG_CYCLE,client,FN,SQL_SCALAR_FUNCTION,0,,real,4,24,0,1
CUSTOM_AVG_PLB,client,FN,SQL_SCALAR_FUNCTION,0,,real,4,24,0,1
CUSTOM_AVG_PLB,client,FN,SQL_SCALAR_FUNCTION,1,@PLB_cID,uniqueidentifier,16,0,0,0
CUSTOM_AVG_PLB,client,FN,SQL_SCALAR_FUNCTION,2,@DateBegin,datetime,8,23,3,0
CUSTOM_AVG_PLB,client,FN,SQL_SCALAR_FUNCTION,3,@DateEnd,datetime,8,23,3,0
CUSTOM_AVG_PLB,client,FN,SQL_SCALAR_FUNCTION,4,@MDE_cID,uniqueidentifier,16,0,0,0
CUSTOM_CONVERSION,client,FN,SQL_SCALAR_FUNCTION,0,,real,4,24,0,1
CUSTOM_CONVERSION_FULL,client,FN,SQL_SCALAR_FUNCTION,0,,real,4,24,0,1
CUSTOM_USERS,client,FN,SQL_SCALAR_FUNCTION,0,,int,4,10,0,1
DecodePolyline,dbo,TF,SQL_TABLE_VALUED_FUNCTION,1,@EncodedPolyline,varchar,-1,0,0,0
DEV_HasAlreadyStreamed,dbo,FN,SQL_SCALAR_FUNCTION,0,,bit,1,1,0,1
DEV_HasAlreadyStreamed,dbo,FN,SQL_SCALAR_FUNCTION,1,@DEV_cId,uniqueidentifier,16,0,0,0
EvalCondition,dbo,FN,SQL_SCALAR_FUNCTION,0,,bit,1,1,0,1
EvalCondition,dbo,FN,SQL_SCALAR_FUNCTION,1,@Value,real,4,24,0,0
EvalCondition,dbo,FN,SQL_SCALAR_FUNCTION,2,@Operator,varchar,2,0,0,0
EvalCondition,dbo,FN,SQL_SCALAR_FUNCTION,3,@Value1,real,4,24,0,0
EvalCondition,dbo,FN,SQL_SCALAR_FUNCTION,4,@Value2,real,4,24,0,0
EvalConditionString,dbo,FN,SQL_SCALAR_FUNCTION,0,,bit,1,1,0,1
EvalConditionString,dbo,FN,SQL_SCALAR_FUNCTION,1,@Value,varchar,-1,0,0,0
EvalConditionString,dbo,FN,SQL_SCALAR_FUNCTION,2,@Operator,varchar,2,0,0,0
EvalConditionString,dbo,FN,SQL_SCALAR_FUNCTION,3,@Value1,varchar,-1,0,0,0
EvalMeasure,dbo,FN,SQL_SCALAR_FUNCTION,0,,real,4,24,0,1
EvalMeasure,client,FN,SQL_SCALAR_FUNCTION,0,,real,4,24,0,1
EvalMeasure,client,FN,SQL_SCALAR_FUNCTION,1,@PLI_cID,uniqueidentifier,16,0,0,0
EvalMeasure,dbo,FN,SQL_SCALAR_FUNCTION,1,@PLI_cID,uniqueidentifier,16,0,0,0
EvalMeasure,dbo,FN,SQL_SCALAR_FUNCTION,2,@PLB_cID,uniqueidentifier,16,0,0,0
EvalMeasure,client,FN,SQL_SCALAR_FUNCTION,2,@PLB_cID,uniqueidentifier,16,0,0,0
EvalMeasure,client,FN,SQL_SCALAR_FUNCTION,3,@DateDeb,datetime,8,23,3,0
EvalMeasure,dbo,FN,SQL_SCALAR_FUNCTION,3,@DateDeb,datetime,8,23,3,0
EvalMeasure,dbo,FN,SQL_SCALAR_FUNCTION,4,@DateFin,datetime,8,23,3,0
EvalMeasure,client,FN,SQL_SCALAR_FUNCTION,4,@DateFin,datetime,8,23,3,0
EvalMeasure,client,FN,SQL_SCALAR_FUNCTION,5,@MDE_cID,uniqueidentifier,16,0,0,0
EvalMeasure,dbo,FN,SQL_SCALAR_FUNCTION,5,@MDE_cID,uniqueidentifier,16,0,0,0
EvalMeasure,dbo,FN,SQL_SCALAR_FUNCTION,6,@MDE_cMeasureType,varchar,5,0,0,0
EvalMeasure,client,FN,SQL_SCALAR_FUNCTION,6,@MDE_cMeasureType,varchar,5,0,0,0
EvalMeasure,client,FN,SQL_SCALAR_FUNCTION,7,@SI_cUnitOfMeasure,varchar,15,0,0,0
EvalMeasure,dbo,FN,SQL_SCALAR_FUNCTION,7,@SI_cUnitOfMeasure,varchar,30,0,0,0
EvalMeasure,dbo,FN,SQL_SCALAR_FUNCTION,8,@CSE_cID,uniqueidentifier,16,0,0,0
EvalMeasure,client,FN,SQL_SCALAR_FUNCTION,8,@CSE_cID,uniqueidentifier,16,0,0,0
EvalMeasure,client,FN,SQL_SCALAR_FUNCTION,9,@MDE_cStatFormula,varchar,-1,0,0,0
EvalMeasure,dbo,FN,SQL_SCALAR_FUNCTION,9,@MDE_cStatFormula,varchar,-1,0,0,0
EvalMeasureString,client,FN,SQL_SCALAR_FUNCTION,0,,varchar,-1,0,0,1
EvalMeasureString,dbo,FN,SQL_SCALAR_FUNCTION,0,,varchar,-1,0,0,1
EvalMeasureString,dbo,FN,SQL_SCALAR_FUNCTION,1,@PLI_cID,uniqueidentifier,16,0,0,0
EvalMeasureString,client,FN,SQL_SCALAR_FUNCTION,1,@PLI_cID,uniqueidentifier,16,0,0,0
EvalMeasureString,client,FN,SQL_SCALAR_FUNCTION,2,@PLB_cID,uniqueidentifier,16,0,0,0
EvalMeasureString,dbo,FN,SQL_SCALAR_FUNCTION,2,@PLB_cID,uniqueidentifier,16,0,0,0
EvalMeasureString,dbo,FN,SQL_SCALAR_FUNCTION,3,@DateDeb,datetime,8,23,3,0
EvalMeasureString,client,FN,SQL_SCALAR_FUNCTION,3,@DateDeb,datetime,8,23,3,0
EvalMeasureString,client,FN,SQL_SCALAR_FUNCTION,4,@DateFin,datetime,8,23,3,0
EvalMeasureString,dbo,FN,SQL_SCALAR_FUNCTION,4,@DateFin,datetime,8,23,3,0
EvalMeasureString,dbo,FN,SQL_SCALAR_FUNCTION,5,@MDE_cID,uniqueidentifier,16,0,0,0
EvalMeasureString,client,FN,SQL_SCALAR_FUNCTION,5,@MDE_cID,uniqueidentifier,16,0,0,0
EvalMeasureString,client,FN,SQL_SCALAR_FUNCTION,6,@MDE_cMeasureType,varchar,5,0,0,0
EvalMeasureString,dbo,FN,SQL_SCALAR_FUNCTION,6,@MDE_cMeasureType,varchar,5,0,0,0
EvalMeasureString,dbo,FN,SQL_SCALAR_FUNCTION,7,@SI_cUnitOfMeasure,varchar,30,0,0,0
EvalMeasureString,client,FN,SQL_SCALAR_FUNCTION,7,@SI_cUnitOfMeasure,varchar,30,0,0,0
EvalMeasureString,client,FN,SQL_SCALAR_FUNCTION,8,@CSE_cID,uniqueidentifier,16,0,0,0
EvalMeasureString,dbo,FN,SQL_SCALAR_FUNCTION,8,@CSE_cID,uniqueidentifier,16,0,0,0
EvalMeasureString,dbo,FN,SQL_SCALAR_FUNCTION,9,@MDE_cStatFormula,varchar,-1,0,0,0
EvalMeasureString,client,FN,SQL_SCALAR_FUNCTION,9,@MDE_cStatFormula,varchar,-1,0,0,0
EvalTile,dbo,FN,SQL_SCALAR_FUNCTION,0,,real,4,24,0,1
EvalTile,client,FN,SQL_SCALAR_FUNCTION,0,,real,4,24,0,1
EvalTile,client,FN,SQL_SCALAR_FUNCTION,1,@PLI_cID,uniqueidentifier,16,0,0,0
EvalTile,dbo,FN,SQL_SCALAR_FUNCTION,1,@PLI_cID,uniqueidentifier,16,0,0,0
EvalTile,dbo,FN,SQL_SCALAR_FUNCTION,2,@MDE_cID,uniqueidentifier,16,0,0,0
EvalTile,client,FN,SQL_SCALAR_FUNCTION,2,@MDE_cID,uniqueidentifier,16,0,0,0
EvalTile,client,FN,SQL_SCALAR_FUNCTION,3,@Date,datetime,8,23,3,0
EvalTile,dbo,FN,SQL_SCALAR_FUNCTION,3,@Date,datetime,8,23,3,0
EvalTileString,dbo,FN,SQL_SCALAR_FUNCTION,0,,varchar,-1,0,0,1
EvalTileString,client,FN,SQL_SCALAR_FUNCTION,0,,varchar,-1,0,0,1
EvalTileString,client,FN,SQL_SCALAR_FUNCTION,1,@PLI_cID,uniqueidentifier,16,0,0,0
EvalTileString,dbo,FN,SQL_SCALAR_FUNCTION,1,@PLI_cID,uniqueidentifier,16,0,0,0
EvalTileString,dbo,FN,SQL_SCALAR_FUNCTION,2,@MDE_cID,uniqueidentifier,16,0,0,0
EvalTileString,client,FN,SQL_SCALAR_FUNCTION,2,@MDE_cID,uniqueidentifier,16,0,0,0
EvalTileString,client,FN,SQL_SCALAR_FUNCTION,3,@Date,datetime,8,23,3,0
EvalTileString,dbo,FN,SQL_SCALAR_FUNCTION,3,@Date,datetime,8,23,3,0
FloatDivide,dbo,FN,SQL_SCALAR_FUNCTION,0,,float,8,53,0,1
FloatDivide,dbo,FN,SQL_SCALAR_FUNCTION,1,@Number1,float,8,53,0,0
FloatDivide,dbo,FN,SQL_SCALAR_FUNCTION,2,@Number2,float,8,53,0,0
fn_diagramobjects,dbo,FN,SQL_SCALAR_FUNCTION,0,,int,4,10,0,1
FractionToFloat,dbo,FN,SQL_SCALAR_FUNCTION,0,,float,8,53,0,1
FractionToFloat,dbo,FN,SQL_SCALAR_FUNCTION,1,@fraction,varchar,100,0,0,0
Get_MDE_cId_OfSensor,dbo,FN,SQL_SCALAR_FUNCTION,0,,uniqueidentifier,16,0,0,1
Get_MDE_cId_OfSensor,dbo,FN,SQL_SCALAR_FUNCTION,1,@CSE_cID,uniqueidentifier,16,0,0,0
GetActiveTimeShiftDates,dbo,TF,SQL_TABLE_VALUED_FUNCTION,1,@PLI_cID,uniqueidentifier,16,0,0,0
GetActiveTimeShiftDates,dbo,TF,SQL_TABLE_VALUED_FUNCTION,2,@DateEnd,datetime,8,23,3,0
GetAdvancement,marathon,FN,SQL_SCALAR_FUNCTION,0,,real,4,24,0,1
GetAdvancement,marathon,FN,SQL_SCALAR_FUNCTION,1,@JobOrder,nvarchar,30,0,0,0
GetAdvancement,marathon,FN,SQL_SCALAR_FUNCTION,2,@Date,date,3,10,0,0
GetAlertValue,dbo,FN,SQL_SCALAR_FUNCTION,0,,bit,1,1,0,1
GetAlertValue,dbo,FN,SQL_SCALAR_FUNCTION,1,@IsAlert,bit,1,1,0,0
GetAlertValue,dbo,FN,SQL_SCALAR_FUNCTION,2,@Value,real,4,24,0,0
GetAlertValue,dbo,FN,SQL_SCALAR_FUNCTION,3,@Operator,varchar,2,0,0,0
GetAlertValue,dbo,FN,SQL_SCALAR_FUNCTION,4,@Value1,real,4,24,0,0
GetAlertValue,dbo,FN,SQL_SCALAR_FUNCTION,5,@Value2,real,4,24,0,0
GetAllTimeShiftDates,dbo,TF,SQL_TABLE_VALUED_FUNCTION,1,@PLI_cID,uniqueidentifier,16,0,0,0
GetAllTimeShiftDates,dbo,TF,SQL_TABLE_VALUED_FUNCTION,2,@DateTime,datetime,8,23,3,0
GetAllTimeShiftDatesForDate,dbo,TF,SQL_TABLE_VALUED_FUNCTION,1,@PLI_cID,uniqueidentifier,16,0,0,0
GetAllTimeShiftDatesForDate,dbo,TF,SQL_TABLE_VALUED_FUNCTION,2,@Date,datetime,8,23,3,0
GetAvailabilityTimeShiftProductionGroup,dbo,FN,SQL_SCALAR_FUNCTION,0,,real,4,24,0,1
GetAvailabilityTimeShiftProductionGroup,dbo,FN,SQL_SCALAR_FUNCTION,1,@ProductionGroupId,int,4,10,0,0
GetAvailabilityTimeShiftProductionGroup,dbo,FN,SQL_SCALAR_FUNCTION,2,@Date,datetime,8,23,3,0
GetCost,marathon,FN,SQL_SCALAR_FUNCTION,0,,real,4,24,0,1
GetCost,marathon,FN,SQL_SCALAR_FUNCTION,1,@JobOrder,nvarchar,30,0,0,0
GetCost,marathon,FN,SQL_SCALAR_FUNCTION,2,@FromDate,date,3,10,0,0
GetCost,marathon,FN,SQL_SCALAR_FUNCTION,3,@ToDate,date,3,10,0,0
GetCurrentActiveProduction4Line,dbo,FN,SQL_SCALAR_FUNCTION,0,,uniqueidentifier,16,0,0,1
GetCurrentActiveProduction4Line,dbo,FN,SQL_SCALAR_FUNCTION,1,@PLI_cID,uniqueidentifier,16,0,0,0
GetCurrentDateTime,dbo,FN,SQL_SCALAR_FUNCTION,0,,datetime,8,23,3,1
GetDateWithoutMillisec,dbo,FN,SQL_SCALAR_FUNCTION,0,,datetime,8,23,3,1
GetDateWithoutSec,dbo,FN,SQL_SCALAR_FUNCTION,0,,datetime,8,23,3,1
GetDateWithoutSec,dbo,FN,SQL_SCALAR_FUNCTION,1,@LaDate,datetime,8,23,3,0
GetEmployeeCount,dbo,FN,SQL_SCALAR_FUNCTION,0,,int,4,10,0,1
GetEmployeeCount,dbo,FN,SQL_SCALAR_FUNCTION,1,@PLI_cID,uniqueidentifier,16,0,0,0
GetEmployeeCount,dbo,FN,SQL_SCALAR_FUNCTION,2,@DateEnd,datetime,8,23,3,0
GetEmployeeDefaultOperation,dbo,FN,SQL_SCALAR_FUNCTION,0,,uniqueidentifier,16,0,0,1
GetEmployeeDefaultOperation,dbo,FN,SQL_SCALAR_FUNCTION,1,@EMP_cID,uniqueidentifier,16,0,0,0
GetEmployeeDefaultOperation,dbo,FN,SQL_SCALAR_FUNCTION,2,@DateBegin,datetime,8,23,3,0
GetEmployeeDefaultOperation,dbo,FN,SQL_SCALAR_FUNCTION,3,@DateEnd,datetime,8,23,3,0
GetFormArray,dbo,TF,SQL_TABLE_VALUED_FUNCTION,1,@expression,varchar,-1,0,0,0
GetFormArrayNumber,dbo,TF,SQL_TABLE_VALUED_FUNCTION,1,@expression,varchar,-1,0,0,0
GetFormTable,dbo,TF,SQL_TABLE_VALUED_FUNCTION,1,@expression,varchar,-1,0,0,0
GetGraphIntervals,dbo,IF,SQL_INLINE_TABLE_VALUED_FUNCTION,1,@Xml,xml,-1,0,0,0
GetIntervalDates,dbo,TF,SQL_TABLE_VALUED_FUNCTION,1,@DateEnd,datetime,8,23,3,0
GetIntervalDates,dbo,TF,SQL_TABLE_VALUED_FUNCTION,2,@Count,int,4,10,0,0
GetIntervalDates,dbo,TF,SQL_TABLE_VALUED_FUNCTION,3,@Step,int,4,10,0,0
GetIntervalDates,dbo,TF,SQL_TABLE_VALUED_FUNCTION,4,@StepType,varchar,10,0,0,0
GetItemsFromCommaString,dbo,TF,SQL_TABLE_VALUED_FUNCTION,1,@array,varchar,8000,0,0,0
GetManagementParameterDateTimeValue,dbo,FN,SQL_SCALAR_FUNCTION,0,,datetime,8,23,3,1
GetManagementParameterDateTimeValue,dbo,FN,SQL_SCALAR_FUNCTION,1,@ManagementParameterValueId,int,4,10,0,0
GetManagementParameterDateTimeValue,dbo,FN,SQL_SCALAR_FUNCTION,2,@PLI_cID,uniqueidentifier,16,0,0,0
GetManagementParameterValue,dbo,FN,SQL_SCALAR_FUNCTION,0,,varchar,-1,0,0,1
GetManagementParameterValue,dbo,FN,SQL_SCALAR_FUNCTION,1,@PLI_cID,uniqueidentifier,16,0,0,0
GetManagementParameterValue,dbo,FN,SQL_SCALAR_FUNCTION,2,@Identifier,nvarchar,200,0,0,0
GetPauses,dbo,TF,SQL_TABLE_VALUED_FUNCTION,1,@PLI_cID,uniqueidentifier,16,0,0,0
GetPauses,dbo,TF,SQL_TABLE_VALUED_FUNCTION,2,@DateBegin,datetime,8,23,3,0
GetPauses,dbo,TF,SQL_TABLE_VALUED_FUNCTION,3,@DateEnd,datetime,8,23,3,0
GetProduct4LineAtTime,dbo,FN,SQL_SCALAR_FUNCTION,0,,uniqueidentifier,16,0,0,1
GetProduct4LineAtTime,dbo,FN,SQL_SCALAR_FUNCTION,1,@PLI_cID,uniqueidentifier,16,0,0,0
GetProduct4LineAtTime,dbo,FN,SQL_SCALAR_FUNCTION,2,@Time,datetime,8,23,3,0
GetProductConfig,dbo,FN,SQL_SCALAR_FUNCTION,0,,xml,-1,0,0,1
GetProductConfig,dbo,FN,SQL_SCALAR_FUNCTION,1,@PRD_cID,uniqueidentifier,16,0,0,0
GetProductConfig,dbo,FN,SQL_SCALAR_FUNCTION,2,@Datetime,datetime,8,23,3,0
GetProductConfigValue,dbo,FN,SQL_SCALAR_FUNCTION,0,,varchar,-1,0,0,1
GetProductConfigValue,dbo,FN,SQL_SCALAR_FUNCTION,1,@PRD_cID,uniqueidentifier,16,0,0,0
GetProductConfigValue,dbo,FN,SQL_SCALAR_FUNCTION,2,@Datetime,datetime,8,23,3,0
GetProductConfigValue,dbo,FN,SQL_SCALAR_FUNCTION,3,@Key,varchar,-1,0,0,0
GetProduction4LineAtTime,dbo,FN,SQL_SCALAR_FUNCTION,0,,uniqueidentifier,16,0,0,1
GetProduction4LineAtTime,dbo,FN,SQL_SCALAR_FUNCTION,1,@PLI_cID,uniqueidentifier,16,0,0,0
GetProduction4LineAtTime,dbo,FN,SQL_SCALAR_FUNCTION,2,@Time,datetime,8,23,3,0
GetProductionLineOffset,dbo,FN,SQL_SCALAR_FUNCTION,0,,datetime,8,23,3,1
GetProductionLineOffset,dbo,FN,SQL_SCALAR_FUNCTION,1,@PLI_cID,uniqueidentifier,16,0,0,0
GetProductionLineOffset,dbo,FN,SQL_SCALAR_FUNCTION,2,@Time,datetime,8,23,3,0
GetProductionLineOffsetValue,dbo,FN,SQL_SCALAR_FUNCTION,0,,real,4,24,0,1
GetProductionLineOffsetValue,dbo,FN,SQL_SCALAR_FUNCTION,1,@PLI_cID,uniqueidentifier,16,0,0,0
GetProductionLineTimeFromServer,dbo,FN,SQL_SCALAR_FUNCTION,0,,datetime,8,23,3,1
GetProductionLineTimeFromServer,dbo,FN,SQL_SCALAR_FUNCTION,1,@PLI_cID,uniqueidentifier,16,0,0,0
GetProductionLineTimeFromServer,dbo,FN,SQL_SCALAR_FUNCTION,2,@Time,datetime,8,23,3,0
GetProductionLineTimezoneOffset,dbo,FN,SQL_SCALAR_FUNCTION,0,,real,4,24,0,1
GetProductionLineTimezoneOffset,dbo,FN,SQL_SCALAR_FUNCTION,1,@PLI_cID,uniqueidentifier,16,0,0,0
GetProductionLineTimezoneOffset,dbo,FN,SQL_SCALAR_FUNCTION,2,@Time,datetime,8,23,3,0
GetProductionSeconds,dbo,FN,SQL_SCALAR_FUNCTION,0,,real,4,24,0,1
GetProductionSeconds,dbo,FN,SQL_SCALAR_FUNCTION,1,@PLI_cID,uniqueidentifier,16,0,0,0
GetProductionSeconds,dbo,FN,SQL_SCALAR_FUNCTION,2,@DateBegin,datetime,8,23,3,0
GetProductionSeconds,dbo,FN,SQL_SCALAR_FUNCTION,3,@DateEnd,datetime,8,23,3,0
GetProductPropertyValue,dbo,FN,SQL_SCALAR_FUNCTION,0,,varchar,-1,0,0,1
GetProductPropertyValue,dbo,FN,SQL_SCALAR_FUNCTION,1,@PRD_cID,uniqueidentifier,16,0,0,0
GetProductPropertyValue,dbo,FN,SQL_SCALAR_FUNCTION,2,@ProductPropertyIdentifier,nvarchar,200,0,0,0
GetProductPropertyValueAtTime,dbo,FN,SQL_SCALAR_FUNCTION,0,,varchar,-1,0,0,1
GetProductPropertyValueAtTime,dbo,FN,SQL_SCALAR_FUNCTION,1,@PRD_cID,uniqueidentifier,16,0,0,0
GetProductPropertyValueAtTime,dbo,FN,SQL_SCALAR_FUNCTION,2,@ProductPropertyIdentifier,nvarchar,200,0,0,0
GetProductPropertyValueAtTime,dbo,FN,SQL_SCALAR_FUNCTION,3,@Time,datetime,8,23,3,0
GetProductPropertyValues,dbo,TF,SQL_TABLE_VALUED_FUNCTION,1,@DateBegin,datetime,8,23,3,0
GetProductPropertyValues,dbo,TF,SQL_TABLE_VALUED_FUNCTION,2,@DateEnd,datetime,8,23,3,0
GetRevenuCivile,marathon,FN,SQL_SCALAR_FUNCTION,0,,real,4,24,0,1
GetRevenuCivile,marathon,FN,SQL_SCALAR_FUNCTION,1,@JobOrder,nvarchar,30,0,0,0
GetRevenuCivile,marathon,FN,SQL_SCALAR_FUNCTION,2,@FromDate,date,3,10,0,0
GetRevenuCivile,marathon,FN,SQL_SCALAR_FUNCTION,3,@ToDate,date,3,10,0,0
GetRevenuMecanique,marathon,FN,SQL_SCALAR_FUNCTION,0,,real,4,24,0,1
GetRevenuMecanique,marathon,FN,SQL_SCALAR_FUNCTION,1,@JobOrder,nvarchar,30,0,0,0
GetRevenuMecanique,marathon,FN,SQL_SCALAR_FUNCTION,2,@FromDate,date,3,10,0,0
GetRevenuMecanique,marathon,FN,SQL_SCALAR_FUNCTION,3,@ToDate,date,3,10,0,0
GetSalary,dbo,FN,SQL_SCALAR_FUNCTION,0,,real,4,24,0,1
GetSalary,dbo,FN,SQL_SCALAR_FUNCTION,1,@EMP_cID,uniqueidentifier,16,0,0,0
GetSalary,dbo,FN,SQL_SCALAR_FUNCTION,2,@Time,datetime,8,23,3,0
GetServerTimeFromProductionLine,dbo,FN,SQL_SCALAR_FUNCTION,0,,datetime,8,23,3,1
GetServerTimeFromProductionLine,dbo,FN,SQL_SCALAR_FUNCTION,1,@PLI_cID,uniqueidentifier,16,0,0,0
GetServerTimeFromProductionLine,dbo,FN,SQL_SCALAR_FUNCTION,2,@Time,datetime,8,23,3,0
GetStandards,dbo,TF,SQL_TABLE_VALUED_FUNCTION,1,@DateBegin,datetime,8,23,3,0
GetStandards,dbo,TF,SQL_TABLE_VALUED_FUNCTION,2,@DateEnd,datetime,8,23,3,0
GetStandards,dbo,TF,SQL_TABLE_VALUED_FUNCTION,3,@PLI_cID,uniqueidentifier,16,0,0,0
GetStandardValue,dbo,FN,SQL_SCALAR_FUNCTION,0,,real,4,24,0,1
GetStandardValue,dbo,FN,SQL_SCALAR_FUNCTION,1,@PLI_cID,uniqueidentifier,16,0,0,0
GetStandardValue,dbo,FN,SQL_SCALAR_FUNCTION,2,@PRD_cID,uniqueidentifier,16,0,0,0
GetStandardValue,dbo,FN,SQL_SCALAR_FUNCTION,3,@Time,datetime,8,23,3,0
GetStandardValue,dbo,FN,SQL_SCALAR_FUNCTION,4,@Identifier,varchar,50,0,0,0
GetStandardValue4BatchAtTime,dbo,FN,SQL_SCALAR_FUNCTION,0,,int,4,10,0,1
GetStandardValue4BatchAtTime,dbo,FN,SQL_SCALAR_FUNCTION,1,@PLB_cID,uniqueidentifier,16,0,0,0
GetStandardValue4BatchAtTime,dbo,FN,SQL_SCALAR_FUNCTION,2,@Time,datetime,8,23,3,0
GetStandardValue4BatchAtTime,dbo,FN,SQL_SCALAR_FUNCTION,3,@Identifier,varchar,50,0,0,0
GetTimesheetEventState,dbo,FN,SQL_SCALAR_FUNCTION,0,,bit,1,1,0,1
GetTimesheetEventState,dbo,FN,SQL_SCALAR_FUNCTION,1,@EMP_cID,uniqueidentifier,16,0,0,0
GetTimesheetEventState,dbo,FN,SQL_SCALAR_FUNCTION,2,@Begin,datetime,8,23,3,0
GetTimesheetEventState,dbo,FN,SQL_SCALAR_FUNCTION,3,@end,datetime,8,23,3,0
GetTimeShiftDates,dbo,TF,SQL_TABLE_VALUED_FUNCTION,1,@DateEnd,datetime,8,23,3,0
GetTimeShiftIntervals,dbo,TF,SQL_TABLE_VALUED_FUNCTION,1,@TSI_cID,uniqueidentifier,16,0,0,0
GetTimeShiftIntervals,dbo,TF,SQL_TABLE_VALUED_FUNCTION,2,@DateBegin,datetime,8,23,3,0
GetTimeShiftIntervals,dbo,TF,SQL_TABLE_VALUED_FUNCTION,3,@DateEnd,datetime,8,23,3,0
GetTourneyVarianceInstance,dbo,FN,SQL_SCALAR_FUNCTION,0,,int,4,10,0,1
GetTourneyVarianceInstance,dbo,FN,SQL_SCALAR_FUNCTION,1,@TourneyVarianceId,int,4,10,0,0
GetTourneyWorkDayPause,dbo,FN,SQL_SCALAR_FUNCTION,0,,real,4,24,0,1
GetTourneyWorkDayPause,dbo,FN,SQL_SCALAR_FUNCTION,1,@TourneyTemplateId,int,4,10,0,0
GetTourneyWorkDayPause,dbo,FN,SQL_SCALAR_FUNCTION,2,@DateBegin,datetime,8,23,3,0
GetTourneyWorkDayPause,dbo,FN,SQL_SCALAR_FUNCTION,3,@DateEnd,datetime,8,23,3,0
GetTranslated,dbo,FN,SQL_SCALAR_FUNCTION,0,,nvarchar,1024,0,0,1
GetTranslated,dbo,FN,SQL_SCALAR_FUNCTION,1,@Original,varchar,512,0,0,0
GetTranslated,dbo,FN,SQL_SCALAR_FUNCTION,2,@Culture,varchar,5,0,0,0
GetUnit,dbo,FN,SQL_SCALAR_FUNCTION,0,,varchar,200,0,0,1
GetUnit,dbo,FN,SQL_SCALAR_FUNCTION,1,@PLI_cID,uniqueidentifier,16,0,0,0
GetUnit,dbo,FN,SQL_SCALAR_FUNCTION,2,@UnitFormat,nvarchar,400,0,0,0
GetUnit2,dbo,FN,SQL_SCALAR_FUNCTION,0,,varchar,200,0,0,1
GetUnit2,dbo,FN,SQL_SCALAR_FUNCTION,1,@PLI_cID,uniqueidentifier,16,0,0,0
GetUnit2,dbo,FN,SQL_SCALAR_FUNCTION,2,@UnitFormat,nvarchar,400,0,0,0
GetUnit2,dbo,FN,SQL_SCALAR_FUNCTION,3,@UnitPacking,nvarchar,400,0,0,0
GetUnit2,dbo,FN,SQL_SCALAR_FUNCTION,4,@UnitMeasure,nvarchar,400,0,0,0
GetUnit2,dbo,FN,SQL_SCALAR_FUNCTION,5,@UnitTime,nvarchar,400,0,0,0
GetUnits,dbo,TF,SQL_TABLE_VALUED_FUNCTION,1,@PLI_cID,uniqueidentifier,16,0,0,0
GetUnitValue,dbo,FN,SQL_SCALAR_FUNCTION,0,,varchar,50,0,0,1
GetUnitValue,dbo,FN,SQL_SCALAR_FUNCTION,1,@PLI_cID,uniqueidentifier,16,0,0,0
GetUnitValue,dbo,FN,SQL_SCALAR_FUNCTION,2,@Identifier,nvarchar,100,0,0,0
GetVersion,dbo,FN,SQL_SCALAR_FUNCTION,0,,varchar,20,0,0,1
GRAPH_VARIANCE_DOWNTIME_TOTAL,dbo,TF,SQL_TABLE_VALUED_FUNCTION,1,@PLI_cID,uniqueidentifier,16,0,0,0
GRAPH_VARIANCE_DOWNTIME_TOTAL,dbo,TF,SQL_TABLE_VALUED_FUNCTION,2,@DateBegin,date,3,10,0,0
GRAPH_VARIANCE_DOWNTIME_TOTAL,dbo,TF,SQL_TABLE_VALUED_FUNCTION,3,@DateEnd,date,3,10,0,0
GRAPH_VARIANCE_FREQUENCY,dbo,TF,SQL_TABLE_VALUED_FUNCTION,1,@PLI_cID,uniqueidentifier,16,0,0,0
GRAPH_VARIANCE_FREQUENCY,dbo,TF,SQL_TABLE_VALUED_FUNCTION,2,@StartDate,date,3,10,0,0
GRAPH_VARIANCE_FREQUENCY,dbo,TF,SQL_TABLE_VALUED_FUNCTION,3,@EndDate,date,3,10,0,0
GRAPH_VARIANCE_FREQUENCY,dbo,TF,SQL_TABLE_VALUED_FUNCTION,4,@SelectedKitTemplate,int,4,10,0,0
IsDowntimePlanned,dbo,FN,SQL_SCALAR_FUNCTION,0,,bit,1,1,0,1
IsDowntimePlanned,dbo,FN,SQL_SCALAR_FUNCTION,1,@PLI_cID,uniqueidentifier,16,0,0,0
IsDowntimePlanned,dbo,FN,SQL_SCALAR_FUNCTION,2,@DateBegin,datetime,8,23,3,0
IsDowntimePlanned,dbo,FN,SQL_SCALAR_FUNCTION,3,@DateEnd,datetime,8,23,3,0
IsMDEaddedToWorksheet,dbo,FN,SQL_SCALAR_FUNCTION,0,,bit,1,1,0,1
IsMDEaddedToWorksheet,dbo,FN,SQL_SCALAR_FUNCTION,1,@MDE_cID,uniqueidentifier,16,0,0,0
IsMeasureDefinitionActionGranted,dbo,FN,SQL_SCALAR_FUNCTION,0,,bit,1,1,0,1
IsMeasureDefinitionActionGranted,dbo,FN,SQL_SCALAR_FUNCTION,1,@ACT_cKey,varchar,50,0,0,0
IsMeasureDefinitionActionGranted,dbo,FN,SQL_SCALAR_FUNCTION,2,@MDE_cID,uniqueidentifier,16,0,0,0
IsMeasureDefinitionActionGranted,dbo,FN,SQL_SCALAR_FUNCTION,3,@USE_cID,uniqueidentifier,16,0,0,0
IsMeasureDefinitionActionGranted,dbo,FN,SQL_SCALAR_FUNCTION,4,@GRO_cID,uniqueidentifier,16,0,0,0
IsMeasureDefinitionCanHideTile,dbo,FN,SQL_SCALAR_FUNCTION,0,,bit,1,1,0,1
IsMeasureDefinitionCanHideTile,dbo,FN,SQL_SCALAR_FUNCTION,1,@MDE_cID,uniqueidentifier,16,0,0,0
IsMeasureDefinitionCanHideTile,dbo,FN,SQL_SCALAR_FUNCTION,2,@USE_cID,uniqueidentifier,16,0,0,0
IsMeasureDefinitionCanHideTile,dbo,FN,SQL_SCALAR_FUNCTION,3,@GRO_cID,uniqueidentifier,16,0,0,0
IsMeasureDefinitionVisible,dbo,FN,SQL_SCALAR_FUNCTION,0,,bit,1,1,0,1
IsMeasureDefinitionVisible,dbo,FN,SQL_SCALAR_FUNCTION,1,@MDE_cID,uniqueidentifier,16,0,0,0
IsMeasureDefinitionVisible,dbo,FN,SQL_SCALAR_FUNCTION,2,@USE_cID,uniqueidentifier,16,0,0,0
IsMeasureDefinitionVisible,dbo,FN,SQL_SCALAR_FUNCTION,3,@GRO_cID,uniqueidentifier,16,0,0,0
IsMeasureDefinitionVisibleWCP,dbo,FN,SQL_SCALAR_FUNCTION,0,,bit,1,1,0,1
IsMeasureDefinitionVisibleWCP,dbo,FN,SQL_SCALAR_FUNCTION,1,@MDE_cID,uniqueidentifier,16,0,0,0
IsMeasureDefinitionVisibleWCP,dbo,FN,SQL_SCALAR_FUNCTION,2,@USE_cID,uniqueidentifier,16,0,0,0
IsPositiveNotificationEvent,dbo,FN,SQL_SCALAR_FUNCTION,0,,bit,1,1,0,1
IsPositiveNotificationEvent,dbo,FN,SQL_SCALAR_FUNCTION,1,@USE_cId,uniqueidentifier,16,0,0,0
IsPositiveNotificationEvent,dbo,FN,SQL_SCALAR_FUNCTION,2,@MDE_cID,uniqueidentifier,16,0,0,0
IsPositiveNotificationEvent,dbo,FN,SQL_SCALAR_FUNCTION,3,@PLI_cID,uniqueidentifier,16,0,0,0
IsPositiveNotificationEvent,dbo,FN,SQL_SCALAR_FUNCTION,4,@Date,datetime,8,23,3,0
IsProductionLineActionGranted,dbo,FN,SQL_SCALAR_FUNCTION,0,,bit,1,1,0,1
IsProductionLineActionGranted,dbo,FN,SQL_SCALAR_FUNCTION,1,@ACT_cKey,varchar,50,0,0,0
IsProductionLineActionGranted,dbo,FN,SQL_SCALAR_FUNCTION,2,@PLI_cID,uniqueidentifier,16,0,0,0
IsProductionLineActionGranted,dbo,FN,SQL_SCALAR_FUNCTION,3,@USE_cID,uniqueidentifier,16,0,0,0
IsProductionLineActionGranted,dbo,FN,SQL_SCALAR_FUNCTION,4,@GRO_cID,uniqueidentifier,16,0,0,0
IsProductionLineVisible,dbo,FN,SQL_SCALAR_FUNCTION,0,,bit,1,1,0,1
IsProductionLineVisible,dbo,FN,SQL_SCALAR_FUNCTION,1,@PLI_cID,uniqueidentifier,16,0,0,0
IsProductionLineVisible,dbo,FN,SQL_SCALAR_FUNCTION,2,@USE_cID,uniqueidentifier,16,0,0,0
IsProductionLineVisible,dbo,FN,SQL_SCALAR_FUNCTION,3,@GRO_cID,uniqueidentifier,16,0,0,0
IsProductionPausedNow,dbo,FN,SQL_SCALAR_FUNCTION,0,,bit,1,1,0,1
IsProductionPausedNow,dbo,FN,SQL_SCALAR_FUNCTION,1,@PLB_cID,uniqueidentifier,16,0,0,0
IsValidUnitOfMeasure,dbo,FN,SQL_SCALAR_FUNCTION,0,,bit,1,1,0,1
IsValidUnitOfMeasure,dbo,FN,SQL_SCALAR_FUNCTION,1,@SI_cUnitOfMeasure,varchar,15,0,0,0
KIT_DOWNTIME_COST_PLI,dbo,FN,SQL_SCALAR_FUNCTION,0,,real,4,24,0,1
KIT_DOWNTIME_COST_PLI,dbo,FN,SQL_SCALAR_FUNCTION,1,@PLI_cID,uniqueidentifier,16,0,0,0
KIT_DOWNTIME_COST_PLI,dbo,FN,SQL_SCALAR_FUNCTION,2,@DateBegin,datetime,8,23,3,0
KIT_DOWNTIME_COST_PLI,dbo,FN,SQL_SCALAR_FUNCTION,3,@DateEnd,datetime,8,23,3,0
KIT_DOWNTIME_COST_PRD,dbo,FN,SQL_SCALAR_FUNCTION,0,,real,4,24,0,1
KIT_DOWNTIME_COST_PRD,dbo,FN,SQL_SCALAR_FUNCTION,1,@PLI_cID,uniqueidentifier,16,0,0,0
KIT_DOWNTIME_COST_PRD,dbo,FN,SQL_SCALAR_FUNCTION,2,@PRD_cID,uniqueidentifier,16,0,0,0
KIT_DOWNTIME_COST_PRD,dbo,FN,SQL_SCALAR_FUNCTION,3,@DateBegin,datetime,8,23,3,0
KIT_DOWNTIME_COST_PRD,dbo,FN,SQL_SCALAR_FUNCTION,4,@DateEnd,datetime,8,23,3,0
KIT_GIVEAWAY_PLB,dbo,FN,SQL_SCALAR_FUNCTION,0,,real,4,24,0,1
KIT_GIVEAWAY_PLB,dbo,FN,SQL_SCALAR_FUNCTION,1,@PLB_cID,uniqueidentifier,16,0,0,0
KIT_GIVEAWAY_PLB,dbo,FN,SQL_SCALAR_FUNCTION,2,@DateBegin,datetime,8,23,3,0
KIT_GIVEAWAY_PLB,dbo,FN,SQL_SCALAR_FUNCTION,3,@DateEnd,datetime,8,23,3,0
KIT_GIVEAWAY_PLI,dbo,FN,SQL_SCALAR_FUNCTION,0,,real,4,24,0,1
KIT_GIVEAWAY_PLI,dbo,FN,SQL_SCALAR_FUNCTION,1,@PLI_cID,uniqueidentifier,16,0,0,0
KIT_GIVEAWAY_PLI,dbo,FN,SQL_SCALAR_FUNCTION,2,@DateBegin,datetime,8,23,3,0
KIT_GIVEAWAY_PLI,dbo,FN,SQL_SCALAR_FUNCTION,3,@DateEnd,datetime,8,23,3,0
KIT_GIVEAWAY_PRD,dbo,FN,SQL_SCALAR_FUNCTION,0,,real,4,24,0,1
KIT_GIVEAWAY_PRD,dbo,FN,SQL_SCALAR_FUNCTION,1,@PLI_cID,uniqueidentifier,16,0,0,0
KIT_GIVEAWAY_PRD,dbo,FN,SQL_SCALAR_FUNCTION,2,@PRD_cID,uniqueidentifier,16,0,0,0
KIT_GIVEAWAY_PRD,dbo,FN,SQL_SCALAR_FUNCTION,3,@DateBegin,datetime,8,23,3,0
KIT_GIVEAWAY_PRD,dbo,FN,SQL_SCALAR_FUNCTION,4,@DateEnd,datetime,8,23,3,0
KIT_GIVEAWAY_STD_PLB,dbo,FN,SQL_SCALAR_FUNCTION,0,,real,4,24,0,1
KIT_GIVEAWAY_STD_PLB,dbo,FN,SQL_SCALAR_FUNCTION,1,@PLB_cID,uniqueidentifier,16,0,0,0
KIT_GIVEAWAY_STD_PLB,dbo,FN,SQL_SCALAR_FUNCTION,2,@Date,datetime,8,23,3,0
KIT_GIVEAWAY_TOTAL_PLB,dbo,FN,SQL_SCALAR_FUNCTION,0,,real,4,24,0,1
KIT_GIVEAWAY_TOTAL_PLB,dbo,FN,SQL_SCALAR_FUNCTION,1,@PLB_cID,uniqueidentifier,16,0,0,0
KIT_GIVEAWAY_TOTAL_PLB,dbo,FN,SQL_SCALAR_FUNCTION,2,@DateBegin,datetime,8,23,3,0
KIT_GIVEAWAY_TOTAL_PLB,dbo,FN,SQL_SCALAR_FUNCTION,3,@DateEnd,datetime,8,23,3,0
KIT_GIVEAWAY_TOTAL_PLI,dbo,FN,SQL_SCALAR_FUNCTION,0,,real,4,24,0,1
KIT_GIVEAWAY_TOTAL_PLI,dbo,FN,SQL_SCALAR_FUNCTION,1,@PLI_cID,uniqueidentifier,16,0,0,0
KIT_GIVEAWAY_TOTAL_PLI,dbo,FN,SQL_SCALAR_FUNCTION,2,@DateBegin,datetime,8,23,3,0
KIT_GIVEAWAY_TOTAL_PLI,dbo,FN,SQL_SCALAR_FUNCTION,3,@DateEnd,datetime,8,23,3,0
KIT_GIVEAWAY_TOTAL_PRD,dbo,FN,SQL_SCALAR_FUNCTION,0,,real,4,24,0,1
KIT_GIVEAWAY_TOTAL_PRD,dbo,FN,SQL_SCALAR_FUNCTION,1,@PLI_cID,uniqueidentifier,16,0,0,0
KIT_GIVEAWAY_TOTAL_PRD,dbo,FN,SQL_SCALAR_FUNCTION,2,@PRD_cID,uniqueidentifier,16,0,0,0
KIT_GIVEAWAY_TOTAL_PRD,dbo,FN,SQL_SCALAR_FUNCTION,3,@DateBegin,datetime,8,23,3,0
KIT_GIVEAWAY_TOTAL_PRD,dbo,FN,SQL_SCALAR_FUNCTION,4,@DateEnd,datetime,8,23,3,0
KIT_GIVEAWAY_VALUE_PLB,dbo,FN,SQL_SCALAR_FUNCTION,0,,real,4,24,0,1
KIT_GIVEAWAY_VALUE_PLB,dbo,FN,SQL_SCALAR_FUNCTION,1,@PLB_cID,uniqueidentifier,16,0,0,0
KIT_GIVEAWAY_VALUE_PLB,dbo,FN,SQL_SCALAR_FUNCTION,2,@DateBegin,datetime,8,23,3,0
KIT_GIVEAWAY_VALUE_PLB,dbo,FN,SQL_SCALAR_FUNCTION,3,@DateEnd,datetime,8,23,3,0
KIT_GIVEAWAY_VALUE_PLI,dbo,FN,SQL_SCALAR_FUNCTION,0,,real,4,24,0,1
KIT_GIVEAWAY_VALUE_PLI,dbo,FN,SQL_SCALAR_FUNCTION,1,@PLI_cID,uniqueidentifier,16,0,0,0
KIT_GIVEAWAY_VALUE_PLI,dbo,FN,SQL_SCALAR_FUNCTION,2,@DateBegin,datetime,8,23,3,0
KIT_GIVEAWAY_VALUE_PLI,dbo,FN,SQL_SCALAR_FUNCTION,3,@DateEnd,datetime,8,23,3,0
KIT_GIVEAWAY_VALUE_PRD,dbo,FN,SQL_SCALAR_FUNCTION,0,,real,4,24,0,1
KIT_GIVEAWAY_VALUE_PRD,dbo,FN,SQL_SCALAR_FUNCTION,1,@PLI_cID,uniqueidentifier,16,0,0,0
KIT_GIVEAWAY_VALUE_PRD,dbo,FN,SQL_SCALAR_FUNCTION,2,@PRD_cID,uniqueidentifier,16,0,0,0
KIT_GIVEAWAY_VALUE_PRD,dbo,FN,SQL_SCALAR_FUNCTION,3,@DateBegin,datetime,8,23,3,0
KIT_GIVEAWAY_VALUE_PRD,dbo,FN,SQL_SCALAR_FUNCTION,4,@DateEnd,datetime,8,23,3,0
KIT_PROD_AVG_PLB,dbo,FN,SQL_SCALAR_FUNCTION,0,,real,4,24,0,1
KIT_PROD_AVG_PLB,dbo,FN,SQL_SCALAR_FUNCTION,1,@PLB_cID,uniqueidentifier,16,0,0,0
KIT_PROD_AVG_PLB,dbo,FN,SQL_SCALAR_FUNCTION,2,@DateBegin,datetime,8,23,3,0
KIT_PROD_AVG_PLB,dbo,FN,SQL_SCALAR_FUNCTION,3,@DateEnd,datetime,8,23,3,0
KIT_PROD_COST_PLI,dbo,FN,SQL_SCALAR_FUNCTION,0,,real,4,24,0,1
KIT_PROD_COST_PLI,dbo,FN,SQL_SCALAR_FUNCTION,1,@PLI_cID,uniqueidentifier,16,0,0,0
KIT_PROD_COST_PLI,dbo,FN,SQL_SCALAR_FUNCTION,2,@DateBegin,datetime,8,23,3,0
KIT_PROD_COST_PLI,dbo,FN,SQL_SCALAR_FUNCTION,3,@DateEnd,datetime,8,23,3,0
KIT_PROD_COST_PRD,dbo,FN,SQL_SCALAR_FUNCTION,0,,real,4,24,0,1
KIT_PROD_COST_PRD,dbo,FN,SQL_SCALAR_FUNCTION,1,@PLI_cID,uniqueidentifier,16,0,0,0
KIT_PROD_COST_PRD,dbo,FN,SQL_SCALAR_FUNCTION,2,@PRD_cID,uniqueidentifier,16,0,0,0
KIT_PROD_COST_PRD,dbo,FN,SQL_SCALAR_FUNCTION,3,@DateBegin,datetime,8,23,3,0
KIT_PROD_COST_PRD,dbo,FN,SQL_SCALAR_FUNCTION,4,@DateEnd,datetime,8,23,3,0
KIT_PROD_COST_VALUE_PLI,dbo,FN,SQL_SCALAR_FUNCTION,0,,real,4,24,0,1
KIT_PROD_COST_VALUE_PLI,dbo,FN,SQL_SCALAR_FUNCTION,1,@PLI_cID,uniqueidentifier,16,0,0,0
KIT_PROD_COST_VALUE_PLI,dbo,FN,SQL_SCALAR_FUNCTION,2,@DateBegin,datetime,8,23,3,0
KIT_PROD_COST_VALUE_PLI,dbo,FN,SQL_SCALAR_FUNCTION,3,@DateEnd,datetime,8,23,3,0
KIT_PROD_COST_VALUE_PRD,dbo,FN,SQL_SCALAR_FUNCTION,0,,real,4,24,0,1
KIT_PROD_COST_VALUE_PRD,dbo,FN,SQL_SCALAR_FUNCTION,1,@PLI_cID,uniqueidentifier,16,0,0,0
KIT_PROD_COST_VALUE_PRD,dbo,FN,SQL_SCALAR_FUNCTION,2,@PRD_cID,uniqueidentifier,16,0,0,0
KIT_PROD_COST_VALUE_PRD,dbo,FN,SQL_SCALAR_FUNCTION,3,@DateBegin,datetime,8,23,3,0
KIT_PROD_COST_VALUE_PRD,dbo,FN,SQL_SCALAR_FUNCTION,4,@DateEnd,datetime,8,23,3,0
KIT_PROD_COUNT_AVG_PLI,dbo,FN,SQL_SCALAR_FUNCTION,0,,real,4,24,0,1
KIT_PROD_COUNT_AVG_PLI,dbo,FN,SQL_SCALAR_FUNCTION,1,@PLI_cID,uniqueidentifier,16,0,0,0
KIT_PROD_COUNT_AVG_PLI,dbo,FN,SQL_SCALAR_FUNCTION,2,@DateBegin,datetime,8,23,3,0
KIT_PROD_COUNT_AVG_PLI,dbo,FN,SQL_SCALAR_FUNCTION,3,@DateEnd,datetime,8,23,3,0
KIT_PROD_COUNT_AVG_PRD,dbo,FN,SQL_SCALAR_FUNCTION,0,,real,4,24,0,1
KIT_PROD_COUNT_AVG_PRD,dbo,FN,SQL_SCALAR_FUNCTION,1,@PLI_cID,uniqueidentifier,16,0,0,0
KIT_PROD_COUNT_AVG_PRD,dbo,FN,SQL_SCALAR_FUNCTION,2,@PRD_cID,uniqueidentifier,16,0,0,0
KIT_PROD_COUNT_AVG_PRD,dbo,FN,SQL_SCALAR_FUNCTION,3,@DateBegin,datetime,8,23,3,0
KIT_PROD_COUNT_AVG_PRD,dbo,FN,SQL_SCALAR_FUNCTION,4,@DateEnd,datetime,8,23,3,0
KIT_PROD_COUNT_PLB,dbo,FN,SQL_SCALAR_FUNCTION,0,,real,4,24,0,1
KIT_PROD_COUNT_PLB,dbo,FN,SQL_SCALAR_FUNCTION,1,@PLB_cID,uniqueidentifier,16,0,0,0
KIT_PROD_COUNT_PLB,dbo,FN,SQL_SCALAR_FUNCTION,2,@DateBegin,datetime,8,23,3,0
KIT_PROD_COUNT_PLB,dbo,FN,SQL_SCALAR_FUNCTION,3,@DateEnd,datetime,8,23,3,0
KIT_PROD_COUNT_PLI,dbo,FN,SQL_SCALAR_FUNCTION,0,,real,4,24,0,1
KIT_PROD_COUNT_PLI,dbo,FN,SQL_SCALAR_FUNCTION,1,@PLI_cID,uniqueidentifier,16,0,0,0
KIT_PROD_COUNT_PLI,dbo,FN,SQL_SCALAR_FUNCTION,2,@DateBegin,datetime,8,23,3,0
KIT_PROD_COUNT_PLI,dbo,FN,SQL_SCALAR_FUNCTION,3,@DateEnd,datetime,8,23,3,0
KIT_PROD_COUNT_PRD,dbo,FN,SQL_SCALAR_FUNCTION,0,,real,4,24,0,1
KIT_PROD_COUNT_PRD,dbo,FN,SQL_SCALAR_FUNCTION,1,@PLI_cID,uniqueidentifier,16,0,0,0
KIT_PROD_COUNT_PRD,dbo,FN,SQL_SCALAR_FUNCTION,2,@PRD_cID,uniqueidentifier,16,0,0,0
KIT_PROD_COUNT_PRD,dbo,FN,SQL_SCALAR_FUNCTION,3,@DateBegin,datetime,8,23,3,0
KIT_PROD_COUNT_PRD,dbo,FN,SQL_SCALAR_FUNCTION,4,@DateEnd,datetime,8,23,3,0
KIT_PROD_COUNT_VALUE_AVG_PLI,dbo,FN,SQL_SCALAR_FUNCTION,0,,real,4,24,0,1
KIT_PROD_COUNT_VALUE_AVG_PLI,dbo,FN,SQL_SCALAR_FUNCTION,1,@PLI_cID,uniqueidentifier,16,0,0,0
KIT_PROD_COUNT_VALUE_AVG_PLI,dbo,FN,SQL_SCALAR_FUNCTION,2,@DateBegin,datetime,8,23,3,0
KIT_PROD_COUNT_VALUE_AVG_PLI,dbo,FN,SQL_SCALAR_FUNCTION,3,@DateEnd,datetime,8,23,3,0
KIT_PROD_COUNT_VALUE_AVG_PRD,dbo,FN,SQL_SCALAR_FUNCTION,0,,real,4,24,0,1
KIT_PROD_COUNT_VALUE_AVG_PRD,dbo,FN,SQL_SCALAR_FUNCTION,1,@PLI_cID,uniqueidentifier,16,0,0,0
KIT_PROD_COUNT_VALUE_AVG_PRD,dbo,FN,SQL_SCALAR_FUNCTION,2,@PRD_cID,uniqueidentifier,16,0,0,0
KIT_PROD_COUNT_VALUE_AVG_PRD,dbo,FN,SQL_SCALAR_FUNCTION,3,@DateBegin,datetime,8,23,3,0
KIT_PROD_COUNT_VALUE_AVG_PRD,dbo,FN,SQL_SCALAR_FUNCTION,4,@DateEnd,datetime,8,23,3,0
KIT_PROD_EFFICIENCY_LINE_PLB,dbo,FN,SQL_SCALAR_FUNCTION,0,,real,4,24,0,1
KIT_PROD_EFFICIENCY_LINE_PLB,dbo,FN,SQL_SCALAR_FUNCTION,1,@PLB_cID,uniqueidentifier,16,0,0,0
KIT_PROD_EFFICIENCY_LINE_PLB,dbo,FN,SQL_SCALAR_FUNCTION,2,@DateBegin,datetime,8,23,3,0
KIT_PROD_EFFICIENCY_LINE_PLB,dbo,FN,SQL_SCALAR_FUNCTION,3,@DateEnd,datetime,8,23,3,0
KIT_PROD_EFFICIENCY_LINE_PLI,dbo,FN,SQL_SCALAR_FUNCTION,0,,real,4,24,0,1
KIT_PROD_EFFICIENCY_LINE_PLI,dbo,FN,SQL_SCALAR_FUNCTION,1,@PLI_cID,uniqueidentifier,16,0,0,0
KIT_PROD_EFFICIENCY_LINE_PLI,dbo,FN,SQL_SCALAR_FUNCTION,2,@DateBegin,datetime,8,23,3,0
KIT_PROD_EFFICIENCY_LINE_PLI,dbo,FN,SQL_SCALAR_FUNCTION,3,@DateEnd,datetime,8,23,3,0
KIT_PROD_EFFICIENCY_PLB,dbo,FN,SQL_SCALAR_FUNCTION,0,,real,4,24,0,1
KIT_PROD_EFFICIENCY_PLB,dbo,FN,SQL_SCALAR_FUNCTION,1,@PLB_cID,uniqueidentifier,16,0,0,0
KIT_PROD_EFFICIENCY_PLB,dbo,FN,SQL_SCALAR_FUNCTION,2,@DateBegin,datetime,8,23,3,0
KIT_PROD_EFFICIENCY_PLB,dbo,FN,SQL_SCALAR_FUNCTION,3,@DateEnd,datetime,8,23,3,0
KIT_PROD_EFFICIENCY_PLI,dbo,FN,SQL_SCALAR_FUNCTION,0,,real,4,24,0,1
KIT_PROD_EFFICIENCY_PLI,dbo,FN,SQL_SCALAR_FUNCTION,1,@PLI_cID,uniqueidentifier,16,0,0,0
KIT_PROD_EFFICIENCY_PLI,dbo,FN,SQL_SCALAR_FUNCTION,2,@DateBegin,datetime,8,23,3,0
KIT_PROD_EFFICIENCY_PLI,dbo,FN,SQL_SCALAR_FUNCTION,3,@DateEnd,datetime,8,23,3,0
KIT_PROD_EFFICIENCY_PRD,dbo,FN,SQL_SCALAR_FUNCTION,0,,real,4,24,0,1
KIT_PROD_EFFICIENCY_PRD,dbo,FN,SQL_SCALAR_FUNCTION,1,@PLI_cID,uniqueidentifier,16,0,0,0
KIT_PROD_EFFICIENCY_PRD,dbo,FN,SQL_SCALAR_FUNCTION,2,@PRD_cID,uniqueidentifier,16,0,0,0
KIT_PROD_EFFICIENCY_PRD,dbo,FN,SQL_SCALAR_FUNCTION,3,@DateBegin,datetime,8,23,3,0
KIT_PROD_EFFICIENCY_PRD,dbo,FN,SQL_SCALAR_FUNCTION,4,@DateEnd,datetime,8,23,3,0
KIT_PROD_EFFICIENCY_VALUE_PLI,dbo,FN,SQL_SCALAR_FUNCTION,0,,real,4,24,0,1
KIT_PROD_EFFICIENCY_VALUE_PLI,dbo,FN,SQL_SCALAR_FUNCTION,1,@PLI_cID,uniqueidentifier,16,0,0,0
KIT_PROD_EFFICIENCY_VALUE_PLI,dbo,FN,SQL_SCALAR_FUNCTION,2,@DateBegin,datetime,8,23,3,0
KIT_PROD_EFFICIENCY_VALUE_PLI,dbo,FN,SQL_SCALAR_FUNCTION,3,@DateEnd,datetime,8,23,3,0
KIT_PROD_EFFICIENCY_VALUE_PRD,dbo,FN,SQL_SCALAR_FUNCTION,0,,real,4,24,0,1
KIT_PROD_EFFICIENCY_VALUE_PRD,dbo,FN,SQL_SCALAR_FUNCTION,1,@PLI_cID,uniqueidentifier,16,0,0,0
KIT_PROD_EFFICIENCY_VALUE_PRD,dbo,FN,SQL_SCALAR_FUNCTION,2,@PRD_cID,uniqueidentifier,16,0,0,0
KIT_PROD_EFFICIENCY_VALUE_PRD,dbo,FN,SQL_SCALAR_FUNCTION,3,@DateBegin,datetime,8,23,3,0
KIT_PROD_EFFICIENCY_VALUE_PRD,dbo,FN,SQL_SCALAR_FUNCTION,4,@DateEnd,datetime,8,23,3,0
KIT_PROD_PRODUCTIVITY_PLB,dbo,FN,SQL_SCALAR_FUNCTION,0,,real,4,24,0,1
KIT_PROD_PRODUCTIVITY_PLB,dbo,FN,SQL_SCALAR_FUNCTION,1,@PLB_cID,uniqueidentifier,16,0,0,0
KIT_PROD_PRODUCTIVITY_PLB,dbo,FN,SQL_SCALAR_FUNCTION,2,@DateBegin,datetime,8,23,3,0
KIT_PROD_PRODUCTIVITY_PLB,dbo,FN,SQL_SCALAR_FUNCTION,3,@DateEnd,datetime,8,23,3,0
KIT_PROD_PRODUCTIVITY_PLI,dbo,FN,SQL_SCALAR_FUNCTION,0,,real,4,24,0,1
KIT_PROD_PRODUCTIVITY_PLI,dbo,FN,SQL_SCALAR_FUNCTION,1,@PLI_cID,uniqueidentifier,16,0,0,0
KIT_PROD_PRODUCTIVITY_PLI,dbo,FN,SQL_SCALAR_FUNCTION,2,@DateBegin,datetime,8,23,3,0
KIT_PROD_PRODUCTIVITY_PLI,dbo,FN,SQL_SCALAR_FUNCTION,3,@DateEnd,datetime,8,23,3,0
KIT_PROD_PRODUCTIVITY_PRD,dbo,FN,SQL_SCALAR_FUNCTION,0,,real,4,24,0,1
KIT_PROD_PRODUCTIVITY_PRD,dbo,FN,SQL_SCALAR_FUNCTION,1,@PLI_cID,uniqueidentifier,16,0,0,0
KIT_PROD_PRODUCTIVITY_PRD,dbo,FN,SQL_SCALAR_FUNCTION,2,@PRD_cID,uniqueidentifier,16,0,0,0
KIT_PROD_PRODUCTIVITY_PRD,dbo,FN,SQL_SCALAR_FUNCTION,3,@DateBegin,datetime,8,23,3,0
KIT_PROD_PRODUCTIVITY_PRD,dbo,FN,SQL_SCALAR_FUNCTION,4,@DateEnd,datetime,8,23,3,0
KIT_PROD_PRODUCTIVITY_VALUE_PLB,dbo,FN,SQL_SCALAR_FUNCTION,0,,real,4,24,0,1
KIT_PROD_PRODUCTIVITY_VALUE_PLB,dbo,FN,SQL_SCALAR_FUNCTION,1,@PLB_cID,uniqueidentifier,16,0,0,0
KIT_PROD_PRODUCTIVITY_VALUE_PLB,dbo,FN,SQL_SCALAR_FUNCTION,2,@DateBegin,datetime,8,23,3,0
KIT_PROD_PRODUCTIVITY_VALUE_PLB,dbo,FN,SQL_SCALAR_FUNCTION,3,@DateEnd,datetime,8,23,3,0
KIT_PROD_PRODUCTIVITY_VALUE_PLI,dbo,FN,SQL_SCALAR_FUNCTION,0,,real,4,24,0,1
KIT_PROD_PRODUCTIVITY_VALUE_PLI,dbo,FN,SQL_SCALAR_FUNCTION,1,@PLI_cID,uniqueidentifier,16,0,0,0
KIT_PROD_PRODUCTIVITY_VALUE_PLI,dbo,FN,SQL_SCALAR_FUNCTION,2,@DateBegin,datetime,8,23,3,0
KIT_PROD_PRODUCTIVITY_VALUE_PLI,dbo,FN,SQL_SCALAR_FUNCTION,3,@DateEnd,datetime,8,23,3,0
KIT_PROD_PRODUCTIVITY_VALUE_PRD,dbo,FN,SQL_SCALAR_FUNCTION,0,,real,4,24,0,1
KIT_PROD_PRODUCTIVITY_VALUE_PRD,dbo,FN,SQL_SCALAR_FUNCTION,1,@PLI_cID,uniqueidentifier,16,0,0,0
KIT_PROD_PRODUCTIVITY_VALUE_PRD,dbo,FN,SQL_SCALAR_FUNCTION,2,@PRD_cID,uniqueidentifier,16,0,0,0
KIT_PROD_PRODUCTIVITY_VALUE_PRD,dbo,FN,SQL_SCALAR_FUNCTION,3,@DateBegin,datetime,8,23,3,0
KIT_PROD_PRODUCTIVITY_VALUE_PRD,dbo,FN,SQL_SCALAR_FUNCTION,4,@DateEnd,datetime,8,23,3,0
KIT_PROD_SPEED_LINE_PLB,dbo,FN,SQL_SCALAR_FUNCTION,0,,real,4,24,0,1
KIT_PROD_SPEED_LINE_PLB,dbo,FN,SQL_SCALAR_FUNCTION,1,@PLB_cID,uniqueidentifier,16,0,0,0
KIT_PROD_SPEED_LINE_PLB,dbo,FN,SQL_SCALAR_FUNCTION,2,@DateBegin,datetime,8,23,3,0
KIT_PROD_SPEED_LINE_PLB,dbo,FN,SQL_SCALAR_FUNCTION,3,@DateEnd,datetime,8,23,3,0
KIT_PROD_SPEED_LINE_PLI,dbo,FN,SQL_SCALAR_FUNCTION,0,,real,4,24,0,1
KIT_PROD_SPEED_LINE_PLI,dbo,FN,SQL_SCALAR_FUNCTION,1,@PLI_cID,uniqueidentifier,16,0,0,0
KIT_PROD_SPEED_LINE_PLI,dbo,FN,SQL_SCALAR_FUNCTION,2,@DateBegin,datetime,8,23,3,0
KIT_PROD_SPEED_LINE_PLI,dbo,FN,SQL_SCALAR_FUNCTION,3,@DateEnd,datetime,8,23,3,0
KIT_PROD_SPEED_PLB,dbo,FN,SQL_SCALAR_FUNCTION,0,,real,4,24,0,1
KIT_PROD_SPEED_PLB,dbo,FN,SQL_SCALAR_FUNCTION,1,@PLB_cID,uniqueidentifier,16,0,0,0
KIT_PROD_SPEED_PLB,dbo,FN,SQL_SCALAR_FUNCTION,2,@DateBegin,datetime,8,23,3,0
KIT_PROD_SPEED_PLB,dbo,FN,SQL_SCALAR_FUNCTION,3,@DateEnd,datetime,8,23,3,0
KIT_PROD_SPEED_PRD,dbo,FN,SQL_SCALAR_FUNCTION,0,,real,4,24,0,1
KIT_PROD_SPEED_PRD,dbo,FN,SQL_SCALAR_FUNCTION,1,@PLI_cID,uniqueidentifier,16,0,0,0
KIT_PROD_SPEED_PRD,dbo,FN,SQL_SCALAR_FUNCTION,2,@PRD_cID,uniqueidentifier,16,0,0,0
KIT_PROD_SPEED_PRD,dbo,FN,SQL_SCALAR_FUNCTION,3,@DateBegin,datetime,8,23,3,0
KIT_PROD_SPEED_PRD,dbo,FN,SQL_SCALAR_FUNCTION,4,@DateEnd,datetime,8,23,3,0
KIT_PROD_SPEED_STD_PLB,dbo,FN,SQL_SCALAR_FUNCTION,0,,real,4,24,0,1
KIT_PROD_SPEED_STD_PLB,dbo,FN,SQL_SCALAR_FUNCTION,1,@PLB_cID,uniqueidentifier,16,0,0,0
KIT_PROD_SPEED_STD_PLB,dbo,FN,SQL_SCALAR_FUNCTION,2,@Date,datetime,8,23,3,0
KIT_PROD_SPEED_STD_VALUE_PLB,dbo,FN,SQL_SCALAR_FUNCTION,0,,real,4,24,0,1
KIT_PROD_SPEED_STD_VALUE_PLB,dbo,FN,SQL_SCALAR_FUNCTION,1,@PLB_cID,uniqueidentifier,16,0,0,0
KIT_PROD_SPEED_STD_VALUE_PLB,dbo,FN,SQL_SCALAR_FUNCTION,2,@Date,datetime,8,23,3,0
KIT_PROD_SPEED_VALUE_PLB,dbo,FN,SQL_SCALAR_FUNCTION,0,,real,4,24,0,1
KIT_PROD_SPEED_VALUE_PLB,dbo,FN,SQL_SCALAR_FUNCTION,1,@PLB_cID,uniqueidentifier,16,0,0,0
KIT_PROD_SPEED_VALUE_PLB,dbo,FN,SQL_SCALAR_FUNCTION,2,@DateBegin,datetime,8,23,3,0
KIT_PROD_SPEED_VALUE_PLB,dbo,FN,SQL_SCALAR_FUNCTION,3,@DateEnd,datetime,8,23,3,0
KIT_PROD_SPEED_VALUE_PRD,dbo,FN,SQL_SCALAR_FUNCTION,0,,real,4,24,0,1
KIT_PROD_SPEED_VALUE_PRD,dbo,FN,SQL_SCALAR_FUNCTION,1,@PLI_cID,uniqueidentifier,16,0,0,0
KIT_PROD_SPEED_VALUE_PRD,dbo,FN,SQL_SCALAR_FUNCTION,2,@PRD_cID,uniqueidentifier,16,0,0,0
KIT_PROD_SPEED_VALUE_PRD,dbo,FN,SQL_SCALAR_FUNCTION,3,@DateBegin,datetime,8,23,3,0
KIT_PROD_SPEED_VALUE_PRD,dbo,FN,SQL_SCALAR_FUNCTION,4,@DateEnd,datetime,8,23,3,0
KIT_PROD_SUM_PLB,dbo,FN,SQL_SCALAR_FUNCTION,0,,real,4,24,0,1
KIT_PROD_SUM_PLB,dbo,FN,SQL_SCALAR_FUNCTION,1,@PLB_cID,uniqueidentifier,16,0,0,0
KIT_PROD_SUM_PLB,dbo,FN,SQL_SCALAR_FUNCTION,2,@DateBegin,datetime,8,23,3,0
KIT_PROD_SUM_PLB,dbo,FN,SQL_SCALAR_FUNCTION,3,@DateEnd,datetime,8,23,3,0
KIT_PROD_SUM_PLI,dbo,FN,SQL_SCALAR_FUNCTION,0,,real,4,24,0,1
KIT_PROD_SUM_PLI,dbo,FN,SQL_SCALAR_FUNCTION,1,@PLI_cID,uniqueidentifier,16,0,0,0
KIT_PROD_SUM_PLI,dbo,FN,SQL_SCALAR_FUNCTION,2,@DateBegin,datetime,8,23,3,0
KIT_PROD_SUM_PLI,dbo,FN,SQL_SCALAR_FUNCTION,3,@DateEnd,datetime,8,23,3,0
KIT_PROD_SUM_PRD,dbo,FN,SQL_SCALAR_FUNCTION,0,,real,4,24,0,1
KIT_PROD_SUM_PRD,dbo,FN,SQL_SCALAR_FUNCTION,1,@PLI_cID,uniqueidentifier,16,0,0,0
KIT_PROD_SUM_PRD,dbo,FN,SQL_SCALAR_FUNCTION,2,@PRD_cID,uniqueidentifier,16,0,0,0
KIT_PROD_SUM_PRD,dbo,FN,SQL_SCALAR_FUNCTION,3,@DateBegin,datetime,8,23,3,0
KIT_PROD_SUM_PRD,dbo,FN,SQL_SCALAR_FUNCTION,4,@DateEnd,datetime,8,23,3,0
KIT_PROD_SUM_TSI,dbo,FN,SQL_SCALAR_FUNCTION,0,,real,4,24,0,1
KIT_PROD_SUM_TSI,dbo,FN,SQL_SCALAR_FUNCTION,1,@TSI_cID,uniqueidentifier,16,0,0,0
KIT_PROD_SUM_TSI,dbo,FN,SQL_SCALAR_FUNCTION,2,@DateBegin,datetime,8,23,3,0
KIT_PROD_SUM_TSI,dbo,FN,SQL_SCALAR_FUNCTION,3,@DateEnd,datetime,8,23,3,0
KIT_PROD_VALUE_PLB,dbo,FN,SQL_SCALAR_FUNCTION,0,,real,4,24,0,1
KIT_PROD_VALUE_PLB,dbo,FN,SQL_SCALAR_FUNCTION,1,@PLB_cID,uniqueidentifier,16,0,0,0
KIT_PROD_VALUE_PLB,dbo,FN,SQL_SCALAR_FUNCTION,2,@DateBegin,datetime,8,23,3,0
KIT_PROD_VALUE_PLB,dbo,FN,SQL_SCALAR_FUNCTION,3,@DateEnd,datetime,8,23,3,0
KIT_PROD_VALUE_PLI,dbo,FN,SQL_SCALAR_FUNCTION,0,,real,4,24,0,1
KIT_PROD_VALUE_PLI,dbo,FN,SQL_SCALAR_FUNCTION,1,@PLI_cID,uniqueidentifier,16,0,0,0
KIT_PROD_VALUE_PLI,dbo,FN,SQL_SCALAR_FUNCTION,2,@DateBegin,datetime,8,23,3,0
KIT_PROD_VALUE_PLI,dbo,FN,SQL_SCALAR_FUNCTION,3,@DateEnd,datetime,8,23,3,0
KIT_PROD_VALUE_PRD,dbo,FN,SQL_SCALAR_FUNCTION,0,,real,4,24,0,1
KIT_PROD_VALUE_PRD,dbo,FN,SQL_SCALAR_FUNCTION,1,@PLI_cID,uniqueidentifier,16,0,0,0
KIT_PROD_VALUE_PRD,dbo,FN,SQL_SCALAR_FUNCTION,2,@PRD_cID,uniqueidentifier,16,0,0,0
KIT_PROD_VALUE_PRD,dbo,FN,SQL_SCALAR_FUNCTION,3,@DateBegin,datetime,8,23,3,0
KIT_PROD_VALUE_PRD,dbo,FN,SQL_SCALAR_FUNCTION,4,@DateEnd,datetime,8,23,3,0
KIT_TRG_COUNT_PLB,dbo,FN,SQL_SCALAR_FUNCTION,0,,real,4,24,0,1
KIT_TRG_COUNT_PLB,dbo,FN,SQL_SCALAR_FUNCTION,1,@PLB_cID,uniqueidentifier,16,0,0,0
KIT_TRG_COUNT_PLB,dbo,FN,SQL_SCALAR_FUNCTION,2,@DateBegin,datetime,8,23,3,0
KIT_TRG_COUNT_PLB,dbo,FN,SQL_SCALAR_FUNCTION,3,@DateEnd,datetime,8,23,3,0
KIT_TRG_COUNT_PLI,dbo,FN,SQL_SCALAR_FUNCTION,0,,real,4,24,0,1
KIT_TRG_COUNT_PLI,dbo,FN,SQL_SCALAR_FUNCTION,1,@PLI_cID,uniqueidentifier,16,0,0,0
KIT_TRG_COUNT_PLI,dbo,FN,SQL_SCALAR_FUNCTION,2,@DateBegin,datetime,8,23,3,0
KIT_TRG_COUNT_PLI,dbo,FN,SQL_SCALAR_FUNCTION,3,@DateEnd,datetime,8,23,3,0
KIT_TRG_EFFICIENCY_PLB,dbo,FN,SQL_SCALAR_FUNCTION,0,,real,4,24,0,1
KIT_TRG_EFFICIENCY_PLB,dbo,FN,SQL_SCALAR_FUNCTION,1,@PLB_cID,uniqueidentifier,16,0,0,0
KIT_TRG_EFFICIENCY_PLB,dbo,FN,SQL_SCALAR_FUNCTION,2,@DateBegin,datetime,8,23,3,0
KIT_TRG_EFFICIENCY_PLB,dbo,FN,SQL_SCALAR_FUNCTION,3,@DateEnd,datetime,8,23,3,0
KIT_TRG_EFFICIENCY_PLI,dbo,FN,SQL_SCALAR_FUNCTION,0,,real,4,24,0,1
KIT_TRG_EFFICIENCY_PLI,dbo,FN,SQL_SCALAR_FUNCTION,1,@PLI_cID,uniqueidentifier,16,0,0,0
KIT_TRG_EFFICIENCY_PLI,dbo,FN,SQL_SCALAR_FUNCTION,2,@DateBegin,datetime,8,23,3,0
KIT_TRG_EFFICIENCY_PLI,dbo,FN,SQL_SCALAR_FUNCTION,3,@DateEnd,datetime,8,23,3,0
KIT_TRG_EFFICIENCY_PRD,dbo,FN,SQL_SCALAR_FUNCTION,0,,real,4,24,0,1
KIT_TRG_EFFICIENCY_PRD,dbo,FN,SQL_SCALAR_FUNCTION,1,@PLI_cID,uniqueidentifier,16,0,0,0
KIT_TRG_EFFICIENCY_PRD,dbo,FN,SQL_SCALAR_FUNCTION,2,@PRD_cID,uniqueidentifier,16,0,0,0
KIT_TRG_EFFICIENCY_PRD,dbo,FN,SQL_SCALAR_FUNCTION,3,@DateBegin,datetime,8,23,3,0
KIT_TRG_EFFICIENCY_PRD,dbo,FN,SQL_SCALAR_FUNCTION,4,@DateEnd,datetime,8,23,3,0
KIT_TRG_PLB,dbo,FN,SQL_SCALAR_FUNCTION,0,,real,4,24,0,1
KIT_TRG_PLB,dbo,FN,SQL_SCALAR_FUNCTION,1,@PLB_cID,uniqueidentifier,16,0,0,0
KIT_TRG_PLB,dbo,FN,SQL_SCALAR_FUNCTION,2,@DateDeb,datetime,8,23,3,0
KIT_TRG_PLB,dbo,FN,SQL_SCALAR_FUNCTION,3,@DateFin,datetime,8,23,3,0
KIT_TRG_PLI,dbo,FN,SQL_SCALAR_FUNCTION,0,,real,4,24,0,1
KIT_TRG_PLI,dbo,FN,SQL_SCALAR_FUNCTION,1,@PLI_cID,uniqueidentifier,16,0,0,0
KIT_TRG_PLI,dbo,FN,SQL_SCALAR_FUNCTION,2,@DateDeb,datetime,8,23,3,0
KIT_TRG_PLI,dbo,FN,SQL_SCALAR_FUNCTION,3,@DateFin,datetime,8,23,3,0
KIT_TRG_PRD,dbo,FN,SQL_SCALAR_FUNCTION,0,,real,4,24,0,1
KIT_TRG_PRD,dbo,FN,SQL_SCALAR_FUNCTION,1,@PLI_cID,uniqueidentifier,16,0,0,0
KIT_TRG_PRD,dbo,FN,SQL_SCALAR_FUNCTION,2,@PRD_cID,uniqueidentifier,16,0,0,0
KIT_TRG_PRD,dbo,FN,SQL_SCALAR_FUNCTION,3,@DateDeb,datetime,8,23,3,0
KIT_TRG_PRD,dbo,FN,SQL_SCALAR_FUNCTION,4,@DateFin,datetime,8,23,3,0
KIT_TRG_QUALITY_PLB,dbo,FN,SQL_SCALAR_FUNCTION,0,,real,4,24,0,1
KIT_TRG_QUALITY_PLB,dbo,FN,SQL_SCALAR_FUNCTION,1,@PLB_cID,uniqueidentifier,16,0,0,0
KIT_TRG_QUALITY_PLB,dbo,FN,SQL_SCALAR_FUNCTION,2,@DateBegin,datetime,8,23,3,0
KIT_TRG_QUALITY_PLB,dbo,FN,SQL_SCALAR_FUNCTION,3,@DateEnd,datetime,8,23,3,0
KIT_TRG_QUALITY_PLI,dbo,FN,SQL_SCALAR_FUNCTION,0,,real,4,24,0,1
KIT_TRG_QUALITY_PLI,dbo,FN,SQL_SCALAR_FUNCTION,1,@PLI_cID,uniqueidentifier,16,0,0,0
KIT_TRG_QUALITY_PLI,dbo,FN,SQL_SCALAR_FUNCTION,2,@DateBegin,datetime,8,23,3,0
KIT_TRG_QUALITY_PLI,dbo,FN,SQL_SCALAR_FUNCTION,3,@DateEnd,datetime,8,23,3,0
KIT_TRG_QUALITY_PRD,dbo,FN,SQL_SCALAR_FUNCTION,0,,real,4,24,0,1
KIT_TRG_QUALITY_PRD,dbo,FN,SQL_SCALAR_FUNCTION,1,@PLI_cID,uniqueidentifier,16,0,0,0
KIT_TRG_QUALITY_PRD,dbo,FN,SQL_SCALAR_FUNCTION,2,@PRD_cID,uniqueidentifier,16,0,0,0
KIT_TRG_QUALITY_PRD,dbo,FN,SQL_SCALAR_FUNCTION,3,@DateBegin,datetime,8,23,3,0
KIT_TRG_QUALITY_PRD,dbo,FN,SQL_SCALAR_FUNCTION,4,@DateEnd,datetime,8,23,3,0
KIT_TRG_REJECT_COUNT_PLB,dbo,FN,SQL_SCALAR_FUNCTION,0,,int,4,10,0,1
KIT_TRG_REJECT_COUNT_PLB,dbo,FN,SQL_SCALAR_FUNCTION,1,@PLB_cID,uniqueidentifier,16,0,0,0
KIT_TRG_REJECT_COUNT_PLB,dbo,FN,SQL_SCALAR_FUNCTION,2,@DateBegin,datetime,8,23,3,0
KIT_TRG_REJECT_COUNT_PLB,dbo,FN,SQL_SCALAR_FUNCTION,3,@DateEnd,datetime,8,23,3,0
KIT_TRG_REJECT_COUNT_PLI,dbo,FN,SQL_SCALAR_FUNCTION,0,,int,4,10,0,1
KIT_TRG_REJECT_COUNT_PLI,dbo,FN,SQL_SCALAR_FUNCTION,1,@PLI_cID,uniqueidentifier,16,0,0,0
KIT_TRG_REJECT_COUNT_PLI,dbo,FN,SQL_SCALAR_FUNCTION,2,@DateBegin,datetime,8,23,3,0
KIT_TRG_REJECT_COUNT_PLI,dbo,FN,SQL_SCALAR_FUNCTION,3,@DateEnd,datetime,8,23,3,0
KIT_TRG_REJECT_COUNT_PRD,dbo,FN,SQL_SCALAR_FUNCTION,0,,int,4,10,0,1
KIT_TRG_REJECT_COUNT_PRD,dbo,FN,SQL_SCALAR_FUNCTION,1,@PLI_cID,uniqueidentifier,16,0,0,0
KIT_TRG_REJECT_COUNT_PRD,dbo,FN,SQL_SCALAR_FUNCTION,2,@PRD_cID,uniqueidentifier,16,0,0,0
KIT_TRG_REJECT_COUNT_PRD,dbo,FN,SQL_SCALAR_FUNCTION,3,@DateBegin,datetime,8,23,3,0
KIT_TRG_REJECT_COUNT_PRD,dbo,FN,SQL_SCALAR_FUNCTION,4,@DateEnd,datetime,8,23,3,0
KIT_TRG_SPEED_COUNT_PLB,dbo,FN,SQL_SCALAR_FUNCTION,0,,real,4,24,0,1
KIT_TRG_SPEED_COUNT_PLB,dbo,FN,SQL_SCALAR_FUNCTION,1,@PLB_cID,uniqueidentifier,16,0,0,0
KIT_TRG_SPEED_COUNT_PLB,dbo,FN,SQL_SCALAR_FUNCTION,2,@DateBegin,datetime,8,23,3,0
KIT_TRG_SPEED_COUNT_PLB,dbo,FN,SQL_SCALAR_FUNCTION,3,@DateEnd,datetime,8,23,3,0
KIT_TRG_SPEED_STD_PLB,dbo,FN,SQL_SCALAR_FUNCTION,0,,real,4,24,0,1
KIT_TRG_SPEED_STD_PLB,dbo,FN,SQL_SCALAR_FUNCTION,1,@PLB_cID,uniqueidentifier,16,0,0,0
KIT_TRG_SPEED_STD_PLB,dbo,FN,SQL_SCALAR_FUNCTION,2,@Date,datetime,8,23,3,0
KIT_YIELD_COST_PLI,dbo,FN,SQL_SCALAR_FUNCTION,0,,real,4,24,0,1
KIT_YIELD_COST_PLI,dbo,FN,SQL_SCALAR_FUNCTION,1,@PLI_cID,uniqueidentifier,16,0,0,0
KIT_YIELD_COST_PLI,dbo,FN,SQL_SCALAR_FUNCTION,2,@DateBegin,datetime,8,23,3,0
KIT_YIELD_COST_PLI,dbo,FN,SQL_SCALAR_FUNCTION,3,@DateEnd,datetime,8,23,3,0
KIT_YIELD_COST_PRD,dbo,FN,SQL_SCALAR_FUNCTION,0,,real,4,24,0,1
KIT_YIELD_COST_PRD,dbo,FN,SQL_SCALAR_FUNCTION,1,@PLI_cID,uniqueidentifier,16,0,0,0
KIT_YIELD_COST_PRD,dbo,FN,SQL_SCALAR_FUNCTION,2,@PRD_cID,uniqueidentifier,16,0,0,0
KIT_YIELD_COST_PRD,dbo,FN,SQL_SCALAR_FUNCTION,3,@DateBegin,datetime,8,23,3,0
KIT_YIELD_COST_PRD,dbo,FN,SQL_SCALAR_FUNCTION,4,@DateEnd,datetime,8,23,3,0
KIT_YIELD_COUNT_IN_PLB,dbo,FN,SQL_SCALAR_FUNCTION,0,,real,4,24,0,1
KIT_YIELD_COUNT_IN_PLB,dbo,FN,SQL_SCALAR_FUNCTION,1,@PLB_cID,uniqueidentifier,16,0,0,0
KIT_YIELD_COUNT_IN_PLB,dbo,FN,SQL_SCALAR_FUNCTION,2,@DateBegin,datetime,8,23,3,0
KIT_YIELD_COUNT_IN_PLB,dbo,FN,SQL_SCALAR_FUNCTION,3,@DateEnd,datetime,8,23,3,0
KIT_YIELD_COUNT_IN_PRD,dbo,FN,SQL_SCALAR_FUNCTION,0,,real,4,24,0,1
KIT_YIELD_COUNT_IN_PRD,dbo,FN,SQL_SCALAR_FUNCTION,1,@PLI_cID,uniqueidentifier,16,0,0,0
KIT_YIELD_COUNT_IN_PRD,dbo,FN,SQL_SCALAR_FUNCTION,2,@PRD_cID,uniqueidentifier,16,0,0,0
KIT_YIELD_COUNT_IN_PRD,dbo,FN,SQL_SCALAR_FUNCTION,3,@DateBegin,datetime,8,23,3,0
KIT_YIELD_COUNT_IN_PRD,dbo,FN,SQL_SCALAR_FUNCTION,4,@DateEnd,datetime,8,23,3,0
KIT_YIELD_COUNT_OUT_PLB,dbo,FN,SQL_SCALAR_FUNCTION,0,,real,4,24,0,1
KIT_YIELD_COUNT_OUT_PLB,dbo,FN,SQL_SCALAR_FUNCTION,1,@PLB_cID,uniqueidentifier,16,0,0,0
KIT_YIELD_COUNT_OUT_PLB,dbo,FN,SQL_SCALAR_FUNCTION,2,@DateBegin,datetime,8,23,3,0
KIT_YIELD_COUNT_OUT_PLB,dbo,FN,SQL_SCALAR_FUNCTION,3,@DateEnd,datetime,8,23,3,0
KIT_YIELD_PLB,dbo,FN,SQL_SCALAR_FUNCTION,0,,real,4,24,0,1
KIT_YIELD_PLB,dbo,FN,SQL_SCALAR_FUNCTION,1,@PLB_cID,uniqueidentifier,16,0,0,0
KIT_YIELD_PLB,dbo,FN,SQL_SCALAR_FUNCTION,2,@DateBegin,datetime,8,23,3,0
KIT_YIELD_PLB,dbo,FN,SQL_SCALAR_FUNCTION,3,@DateEnd,datetime,8,23,3,0
KIT_YIELD_PLI,dbo,FN,SQL_SCALAR_FUNCTION,0,,real,4,24,0,1
KIT_YIELD_PLI,dbo,FN,SQL_SCALAR_FUNCTION,1,@PLI_cID,uniqueidentifier,16,0,0,0
KIT_YIELD_PLI,dbo,FN,SQL_SCALAR_FUNCTION,2,@DateBegin,datetime,8,23,3,0
KIT_YIELD_PLI,dbo,FN,SQL_SCALAR_FUNCTION,3,@DateEnd,datetime,8,23,3,0
KIT_YIELD_PRD,dbo,FN,SQL_SCALAR_FUNCTION,0,,real,4,24,0,1
KIT_YIELD_PRD,dbo,FN,SQL_SCALAR_FUNCTION,1,@PLI_cID,uniqueidentifier,16,0,0,0
KIT_YIELD_PRD,dbo,FN,SQL_SCALAR_FUNCTION,2,@PRD_cID,uniqueidentifier,16,0,0,0
KIT_YIELD_PRD,dbo,FN,SQL_SCALAR_FUNCTION,3,@DateBegin,datetime,8,23,3,0
KIT_YIELD_PRD,dbo,FN,SQL_SCALAR_FUNCTION,4,@DateEnd,datetime,8,23,3,0
KIT_YIELD_STD_PLB,dbo,FN,SQL_SCALAR_FUNCTION,0,,real,4,24,0,1
KIT_YIELD_STD_PLB,dbo,FN,SQL_SCALAR_FUNCTION,1,@PLB_cID,uniqueidentifier,16,0,0,0
KIT_YIELD_STD_PLB,dbo,FN,SQL_SCALAR_FUNCTION,2,@Date,datetime,8,23,3,0
KIT_YIELD_SUM_IN_PLB,dbo,FN,SQL_SCALAR_FUNCTION,0,,real,4,24,0,1
KIT_YIELD_SUM_IN_PLB,dbo,FN,SQL_SCALAR_FUNCTION,1,@PLB_cID,uniqueidentifier,16,0,0,0
KIT_YIELD_SUM_IN_PLB,dbo,FN,SQL_SCALAR_FUNCTION,2,@DateBegin,datetime,8,23,3,0
KIT_YIELD_SUM_IN_PLB,dbo,FN,SQL_SCALAR_FUNCTION,3,@DateEnd,datetime,8,23,3,0
KIT_YIELD_SUM_IN_PLI,dbo,FN,SQL_SCALAR_FUNCTION,0,,real,4,24,0,1
KIT_YIELD_SUM_IN_PLI,dbo,FN,SQL_SCALAR_FUNCTION,1,@PLI_cID,uniqueidentifier,16,0,0,0
KIT_YIELD_SUM_IN_PLI,dbo,FN,SQL_SCALAR_FUNCTION,2,@DateBegin,datetime,8,23,3,0
KIT_YIELD_SUM_IN_PLI,dbo,FN,SQL_SCALAR_FUNCTION,3,@DateEnd,datetime,8,23,3,0
KIT_YIELD_SUM_IN_PRD,dbo,FN,SQL_SCALAR_FUNCTION,0,,real,4,24,0,1
KIT_YIELD_SUM_IN_PRD,dbo,FN,SQL_SCALAR_FUNCTION,1,@PLI_cID,uniqueidentifier,16,0,0,0
KIT_YIELD_SUM_IN_PRD,dbo,FN,SQL_SCALAR_FUNCTION,2,@PRD_cID,uniqueidentifier,16,0,0,0
KIT_YIELD_SUM_IN_PRD,dbo,FN,SQL_SCALAR_FUNCTION,3,@DateBegin,datetime,8,23,3,0
KIT_YIELD_SUM_IN_PRD,dbo,FN,SQL_SCALAR_FUNCTION,4,@DateEnd,datetime,8,23,3,0
KIT_YIELD_SUM_OUT_PLB,dbo,FN,SQL_SCALAR_FUNCTION,0,,real,4,24,0,1
KIT_YIELD_SUM_OUT_PLB,dbo,FN,SQL_SCALAR_FUNCTION,1,@PLB_cID,uniqueidentifier,16,0,0,0
KIT_YIELD_SUM_OUT_PLB,dbo,FN,SQL_SCALAR_FUNCTION,2,@DateBegin,datetime,8,23,3,0
KIT_YIELD_SUM_OUT_PLB,dbo,FN,SQL_SCALAR_FUNCTION,3,@DateEnd,datetime,8,23,3,0
KIT_YIELD_SUM_OUT_PLI,dbo,FN,SQL_SCALAR_FUNCTION,0,,real,4,24,0,1
KIT_YIELD_SUM_OUT_PLI,dbo,FN,SQL_SCALAR_FUNCTION,1,@PLI_cID,uniqueidentifier,16,0,0,0
KIT_YIELD_SUM_OUT_PLI,dbo,FN,SQL_SCALAR_FUNCTION,2,@DateBegin,datetime,8,23,3,0
KIT_YIELD_SUM_OUT_PLI,dbo,FN,SQL_SCALAR_FUNCTION,3,@DateEnd,datetime,8,23,3,0
LeftTrimNonNumeric,dbo,FN,SQL_SCALAR_FUNCTION,0,,nvarchar,-1,0,0,1
LeftTrimNonNumeric,dbo,FN,SQL_SCALAR_FUNCTION,1,@Value,nvarchar,-1,0,0,0
MDE_GetProductionGroup,dbo,FN,SQL_SCALAR_FUNCTION,0,,int,4,10,0,1
MDE_GetProductionGroup,dbo,FN,SQL_SCALAR_FUNCTION,1,@MDE_cID,uniqueidentifier,16,0,0,0
PLB_GetPauseSeconds,dbo,FN,SQL_SCALAR_FUNCTION,0,,bigint,8,19,0,1
PLB_GetPauseSeconds,dbo,FN,SQL_SCALAR_FUNCTION,1,@PLB_cId,uniqueidentifier,16,0,0,0
PLB_GetPauseSeconds4Time,dbo,FN,SQL_SCALAR_FUNCTION,0,,bigint,8,19,0,1
PLB_GetPauseSeconds4Time,dbo,FN,SQL_SCALAR_FUNCTION,1,@PLB_cId,uniqueidentifier,16,0,0,0
PLB_GetPauseSeconds4Time,dbo,FN,SQL_SCALAR_FUNCTION,2,@Date,datetime,8,23,3,0
PLB_GetPauseSecondsFromRange,dbo,FN,SQL_SCALAR_FUNCTION,0,,bigint,8,19,0,1
PLB_GetPauseSecondsFromRange,dbo,FN,SQL_SCALAR_FUNCTION,1,@PLB_cId,uniqueidentifier,16,0,0,0
PLB_GetPauseSecondsFromRange,dbo,FN,SQL_SCALAR_FUNCTION,2,@DateBegin,datetime,8,23,3,0
PLB_GetPauseSecondsFromRange,dbo,FN,SQL_SCALAR_FUNCTION,3,@DateEnd,datetime,8,23,3,0
PLB_GetPauseSecondsUnplanned4Time,dbo,FN,SQL_SCALAR_FUNCTION,0,,bigint,8,19,0,1
PLB_GetPauseSecondsUnplanned4Time,dbo,FN,SQL_SCALAR_FUNCTION,1,@PLB_cId,uniqueidentifier,16,0,0,0
PLB_GetPauseSecondsUnplanned4Time,dbo,FN,SQL_SCALAR_FUNCTION,2,@Date,datetime,8,23,3,0
PLB_GetProductionSeconds,dbo,FN,SQL_SCALAR_FUNCTION,0,,real,4,24,0,1
PLB_GetProductionSeconds,dbo,FN,SQL_SCALAR_FUNCTION,1,@PLB_cID,uniqueidentifier,16,0,0,0
PLB_GetProductionSeconds,dbo,FN,SQL_SCALAR_FUNCTION,2,@DateBegin,datetime,8,23,3,0
PLB_GetProductionSeconds,dbo,FN,SQL_SCALAR_FUNCTION,3,@DateEnd,datetime,8,23,3,0
PLI_GetPauseSeconds4Time,dbo,FN,SQL_SCALAR_FUNCTION,0,,bigint,8,19,0,1
PLI_GetPauseSeconds4Time,dbo,FN,SQL_SCALAR_FUNCTION,1,@PLI_cId,uniqueidentifier,16,0,0,0
PLI_GetPauseSeconds4Time,dbo,FN,SQL_SCALAR_FUNCTION,2,@DateDeb,datetime,8,23,3,0
PLI_GetPauseSeconds4Time,dbo,FN,SQL_SCALAR_FUNCTION,3,@DateFin,datetime,8,23,3,0
PLI_GetPauseSecondsUnplanned4Time,dbo,FN,SQL_SCALAR_FUNCTION,0,,bigint,8,19,0,1
PLI_GetPauseSecondsUnplanned4Time,dbo,FN,SQL_SCALAR_FUNCTION,1,@PLI_cId,uniqueidentifier,16,0,0,0
PLI_GetPauseSecondsUnplanned4Time,dbo,FN,SQL_SCALAR_FUNCTION,2,@DateDeb,datetime,8,23,3,0
PLI_GetPauseSecondsUnplanned4Time,dbo,FN,SQL_SCALAR_FUNCTION,3,@DateFin,datetime,8,23,3,0
PLI_GetProductionSeconds,dbo,FN,SQL_SCALAR_FUNCTION,0,,real,4,24,0,1
PLI_GetProductionSeconds,dbo,FN,SQL_SCALAR_FUNCTION,1,@PLI_cID,uniqueidentifier,16,0,0,0
PLI_GetProductionSeconds,dbo,FN,SQL_SCALAR_FUNCTION,2,@DateBegin,datetime,8,23,3,0
PLI_GetProductionSeconds,dbo,FN,SQL_SCALAR_FUNCTION,3,@DateEnd,datetime,8,23,3,0
PLI_GetTimeShift,dbo,TF,SQL_TABLE_VALUED_FUNCTION,1,@PLI_cID,uniqueidentifier,16,0,0,0
PLI_GetTimeShift,dbo,TF,SQL_TABLE_VALUED_FUNCTION,2,@DateTime,datetime,8,23,3,0
PLI_GetTimeShiftDay,dbo,TF,SQL_TABLE_VALUED_FUNCTION,1,@PLI_cID,uniqueidentifier,16,0,0,0
PLI_GetTimeShiftDay,dbo,TF,SQL_TABLE_VALUED_FUNCTION,2,@DateTime,datetime,8,23,3,0
PLI_GetTimeShiftForDate,dbo,TF,SQL_TABLE_VALUED_FUNCTION,1,@PLI_cID,uniqueidentifier,16,0,0,0
PLI_GetTimeShiftForDate,dbo,TF,SQL_TABLE_VALUED_FUNCTION,2,@Date,datetime,8,23,3,0
PRD_GetPauseSeconds,dbo,FN,SQL_SCALAR_FUNCTION,0,,bigint,8,19,0,1
PRD_GetPauseSeconds,dbo,FN,SQL_SCALAR_FUNCTION,1,@PLI_cId,uniqueidentifier,16,0,0,0
PRD_GetPauseSeconds,dbo,FN,SQL_SCALAR_FUNCTION,2,@PRD_cId,uniqueidentifier,16,0,0,0
PRD_GetPauseSeconds,dbo,FN,SQL_SCALAR_FUNCTION,3,@DateBegin,datetime,8,23,3,0
PRD_GetPauseSeconds,dbo,FN,SQL_SCALAR_FUNCTION,4,@DateEnd,datetime,8,23,3,0
PRD_GetPauseSecondsUnplanned,dbo,FN,SQL_SCALAR_FUNCTION,0,,bigint,8,19,0,1
PRD_GetPauseSecondsUnplanned,dbo,FN,SQL_SCALAR_FUNCTION,1,@PLI_cId,uniqueidentifier,16,0,0,0
PRD_GetPauseSecondsUnplanned,dbo,FN,SQL_SCALAR_FUNCTION,2,@PRD_cId,uniqueidentifier,16,0,0,0
PRD_GetPauseSecondsUnplanned,dbo,FN,SQL_SCALAR_FUNCTION,3,@DateBegin,datetime,8,23,3,0
PRD_GetPauseSecondsUnplanned,dbo,FN,SQL_SCALAR_FUNCTION,4,@DateEnd,datetime,8,23,3,0
PRD_GetProductionSeconds,dbo,FN,SQL_SCALAR_FUNCTION,0,,real,4,24,0,1
PRD_GetProductionSeconds,dbo,FN,SQL_SCALAR_FUNCTION,1,@PLI_cID,uniqueidentifier,16,0,0,0
PRD_GetProductionSeconds,dbo,FN,SQL_SCALAR_FUNCTION,2,@PRD_cID,uniqueidentifier,16,0,0,0
PRD_GetProductionSeconds,dbo,FN,SQL_SCALAR_FUNCTION,3,@DateBegin,datetime,8,23,3,0
PRD_GetProductionSeconds,dbo,FN,SQL_SCALAR_FUNCTION,4,@DateEnd,datetime,8,23,3,0
SplitString,dbo,TF,SQL_TABLE_VALUED_FUNCTION,1,@InputList,varchar,8000,0,0,0
SplitString,dbo,TF,SQL_TABLE_VALUED_FUNCTION,2,@Delimiter,varchar,8000,0,0,0
TimeToString,dbo,FN,SQL_SCALAR_FUNCTION,0,,varchar,-1,0,0,1
TimeToString,dbo,FN,SQL_SCALAR_FUNCTION,1,@Time,time,5,16,7,0
TimeUnitRatio,dbo,FN,SQL_SCALAR_FUNCTION,0,,real,4,24,0,1
TimeUnitRatio,dbo,FN,SQL_SCALAR_FUNCTION,1,@Time,nvarchar,100,0,0,0
TryParseDate,dbo,FN,SQL_SCALAR_FUNCTION,0,,datetime,8,23,3,1
TryParseDate,dbo,FN,SQL_SCALAR_FUNCTION,1,@DateTime,varchar,100,0,0,0
TSI_GetPauseSecondsUnplanned4Time,dbo,FN,SQL_SCALAR_FUNCTION,0,,bigint,8,19,0,1
TSI_GetPauseSecondsUnplanned4Time,dbo,FN,SQL_SCALAR_FUNCTION,1,@TSI_cID,uniqueidentifier,16,0,0,0
TSI_GetPauseSecondsUnplanned4Time,dbo,FN,SQL_SCALAR_FUNCTION,2,@DateBegin,datetime,8,23,3,0
TSI_GetPauseSecondsUnplanned4Time,dbo,FN,SQL_SCALAR_FUNCTION,3,@DateEnd,datetime,8,23,3,0
TSI_GetProductionSeconds,dbo,FN,SQL_SCALAR_FUNCTION,0,,bigint,8,19,0,1
TSI_GetProductionSeconds,dbo,FN,SQL_SCALAR_FUNCTION,1,@TSI_cID,uniqueidentifier,16,0,0,0
TSI_GetProductionSeconds,dbo,FN,SQL_SCALAR_FUNCTION,2,@DateBegin,datetime,8,23,3,0
TSI_GetProductionSeconds,dbo,FN,SQL_SCALAR_FUNCTION,3,@DateEnd,datetime,8,23,3,0
UnitBaseConversionRatio,dbo,FN,SQL_SCALAR_FUNCTION,0,,real,4,24,0,1
UnitBaseConversionRatio,dbo,FN,SQL_SCALAR_FUNCTION,1,@FromUnit,varchar,50,0,0,0
UnitBaseConversionRatio,dbo,FN,SQL_SCALAR_FUNCTION,2,@ToUnit,varchar,50,0,0,0
UnitConversionRatio,dbo,FN,SQL_SCALAR_FUNCTION,0,,real,4,24,0,1
UnitConversionRatio,dbo,FN,SQL_SCALAR_FUNCTION,1,@PRD_cID,uniqueidentifier,16,0,0,0
UnitConversionRatio,dbo,FN,SQL_SCALAR_FUNCTION,2,@FromUnit,varchar,50,0,0,0
UnitConversionRatio,dbo,FN,SQL_SCALAR_FUNCTION,3,@ToUnit,varchar,50,0,0,0
UnitRatio,dbo,FN,SQL_SCALAR_FUNCTION,0,,real,4,24,0,1
UnitRatio,dbo,FN,SQL_SCALAR_FUNCTION,1,@Unit,nvarchar,100,0,0,0
UnitRatio,dbo,FN,SQL_SCALAR_FUNCTION,2,@ByUnit,nvarchar,100,0,0,0
USER_NAME_INITIALS,dbo,FN,SQL_SCALAR_FUNCTION,0,,nvarchar,-1,0,0,1
USER_NAME_INITIALS,dbo,FN,SQL_SCALAR_FUNCTION,1,@FullNameOrFirstName,nvarchar,-1,0,0,0
USER_NAME_INITIALS,dbo,FN,SQL_SCALAR_FUNCTION,2,@LastName,nvarchar,-1,0,0,0
USER_NAME_INITIALS,dbo,FN,SQL_SCALAR_FUNCTION,3,@Separator,nvarchar,10,0,0,0
XmlEscape,dbo,FN,SQL_SCALAR_FUNCTION,0,,varchar,-1,0,0,1
XmlEscape,dbo,FN,SQL_SCALAR_FUNCTION,1,@S,varchar,-1,0,0,0
XmlUnEscape,dbo,FN,SQL_SCALAR_FUNCTION,0,,varchar,-1,0,0,1
XmlUnEscape,dbo,FN,SQL_SCALAR_FUNCTION,1,@S,varchar,-1,0,0,0
