ACT_Insert,dbo,"P ",SQL_STORED_PROCEDURE,1,@ACT_cKey,varchar,50,0,0,0
ACT_Insert,dbo,"P ",SQL_STORED_PROCEDURE,2,@ACT_cName,varchar,50,0,0,0
ACT_Insert,dbo,"P ",SQL_STORED_PROCEDURE,3,@ACT_cDescription,varchar,100,0,0,0
ACT_Insert,dbo,"P ",SQL_STORED_PROCEDURE,4,@ACT_cType,varchar,5,0,0,0
ACT_Insert,dbo,"P ",SQL_STORED_PROCEDURE,5,@ACT_cCategory,varchar,50,0,0,0
ACT_Insert,dbo,"P ",SQL_STORED_PROCEDURE,6,@ACT_bSystem,bit,1,1,0,0
AutoCheck,dbo,"P ",SQL_STORED_PROCEDURE,1,@Now,datetime,8,23,3,0
BPA_GetPauses,dbo,"P ",SQL_STORED_PROCEDURE,1,@PLI_cID,uniqueidentifier,16,0,0,0
BPA_GetPauses,dbo,"P ",SQL_STORED_PROCEDURE,2,@DateBegin,datetime,8,23,3,0
BPA_GetPauses,dbo,"P ",SQL_STORED_PROCEDURE,3,@DateEnd,datetime,8,23,3,0
BPA_Select,dbo,"P ",SQL_STORED_PROCEDURE,1,@WhereClause,varchar,-1,0,0,0
CAT_Insert,dbo,"P ",SQL_STORED_PROCEDURE,1,@CAT_cID,uniqueidentifier,16,0,0,0
CAT_Insert,dbo,"P ",SQL_STORED_PROCEDURE,2,@CAT_dtCreated,datetime,8,23,3,0
CAT_Insert,dbo,"P ",SQL_STORED_PROCEDURE,3,@CAT_dtLastModified,datetime,8,23,3,0
CAT_Insert,dbo,"P ",SQL_STORED_PROCEDURE,4,@CAT_dtDeleted,datetime,8,23,3,0
CAT_Insert,dbo,"P ",SQL_STORED_PROCEDURE,5,@PLI_cID,uniqueidentifier,16,0,0,0
CAT_Insert,dbo,"P ",SQL_STORED_PROCEDURE,6,@CAT_cName,nvarchar,160,0,0,0
CAT_Select,dbo,"P ",SQL_STORED_PROCEDURE,1,@WhereClause,varchar,-1,0,0,0
CAT_Update,dbo,"P ",SQL_STORED_PROCEDURE,1,@CAT_cID,uniqueidentifier,16,0,0,0
CAT_Update,dbo,"P ",SQL_STORED_PROCEDURE,2,@CAT_dtCreated,datetime,8,23,3,0
CAT_Update,dbo,"P ",SQL_STORED_PROCEDURE,3,@CAT_dtLastModified,datetime,8,23,3,1
CAT_Update,dbo,"P ",SQL_STORED_PROCEDURE,4,@CAT_dtDeleted,datetime,8,23,3,0
CAT_Update,dbo,"P ",SQL_STORED_PROCEDURE,5,@PLI_cID,uniqueidentifier,16,0,0,0
CAT_Update,dbo,"P ",SQL_STORED_PROCEDURE,6,@CAT_cName,nvarchar,160,0,0,0
CLI_AssignUserToClient,dbo,"P ",SQL_STORED_PROCEDURE,1,@CLI_cID,nvarchar,160,0,0,0
CLI_AssignUserToClient,dbo,"P ",SQL_STORED_PROCEDURE,2,@USE_cEmail,nvarchar,160,0,0,0
CLI_FLUSH_ALL_DATA_CLIENT,dbo,"P ",SQL_STORED_PROCEDURE,1,@CLI_cID,uniqueidentifier,16,0,0,0
CLI_Init,dbo,"P ",SQL_STORED_PROCEDURE,1,@CLI_cName,varchar,50,0,0,0
CLI_Init,dbo,"P ",SQL_STORED_PROCEDURE,2,@CLI_vcPrefix,varchar,50,0,0,0
CLI_Init,dbo,"P ",SQL_STORED_PROCEDURE,3,@nbProductionLines,int,4,10,0,0
CLI_Init,dbo,"P ",SQL_STORED_PROCEDURE,4,@CLI_cID,uniqueidentifier,16,0,0,0
CLI_InitDefault,dbo,"P ",SQL_STORED_PROCEDURE,1,@CLI_cID,uniqueidentifier,16,0,0,0
CLI_Insert,dbo,"P ",SQL_STORED_PROCEDURE,1,@CLI_cID,uniqueidentifier,16,0,0,0
CLI_Insert,dbo,"P ",SQL_STORED_PROCEDURE,2,@CLI_dtCreated,datetime,8,23,3,0
CLI_Insert,dbo,"P ",SQL_STORED_PROCEDURE,3,@CLI_dtLastModified,datetime,8,23,3,0
CLI_Insert,dbo,"P ",SQL_STORED_PROCEDURE,4,@CLI_dtDeleted,datetime,8,23,3,0
CLI_Insert,dbo,"P ",SQL_STORED_PROCEDURE,5,@CLI_cName,nvarchar,160,0,0,0
CLI_Insert,dbo,"P ",SQL_STORED_PROCEDURE,6,@CLI_cAdr1,nvarchar,160,0,0,0
CLI_Insert,dbo,"P ",SQL_STORED_PROCEDURE,7,@CLI_cAdr2,nvarchar,160,0,0,0
CLI_Insert,dbo,"P ",SQL_STORED_PROCEDURE,8,@CLI_cCity,nvarchar,160,0,0,0
CLI_Insert,dbo,"P ",SQL_STORED_PROCEDURE,9,@COU_cCode,char,2,0,0,0
CLI_Insert,dbo,"P ",SQL_STORED_PROCEDURE,10,@REG_cCode,char,5,0,0,0
CLI_Insert,dbo,"P ",SQL_STORED_PROCEDURE,11,@CLI_cPrimaryContact,nvarchar,160,0,0,0
CLI_Insert,dbo,"P ",SQL_STORED_PROCEDURE,12,@CLI_cPrimaryContactEmail,varchar,80,0,0,0
CLI_Insert,dbo,"P ",SQL_STORED_PROCEDURE,13,@CLI_cPrimaryContactTelWork,varchar,20,0,0,0
CLI_Insert,dbo,"P ",SQL_STORED_PROCEDURE,14,@CLI_cPrimaryContactCell,varchar,20,0,0,0
CLI_Insert,dbo,"P ",SQL_STORED_PROCEDURE,15,@CLI_cStatus,varchar,20,0,0,0
CLI_Insert,dbo,"P ",SQL_STORED_PROCEDURE,16,@CLI_iTilesheetCount,int,4,10,0,0
CLI_Select,dbo,"P ",SQL_STORED_PROCEDURE,1,@WhereClause,varchar,-1,0,0,0
CLI_Update,dbo,"P ",SQL_STORED_PROCEDURE,1,@CLI_cID,uniqueidentifier,16,0,0,0
CLI_Update,dbo,"P ",SQL_STORED_PROCEDURE,2,@CLI_dtCreated,datetime,8,23,3,0
CLI_Update,dbo,"P ",SQL_STORED_PROCEDURE,3,@CLI_dtLastModified,datetime,8,23,3,1
CLI_Update,dbo,"P ",SQL_STORED_PROCEDURE,4,@CLI_dtDeleted,datetime,8,23,3,0
CLI_Update,dbo,"P ",SQL_STORED_PROCEDURE,5,@CLI_cName,nvarchar,160,0,0,0
CLI_Update,dbo,"P ",SQL_STORED_PROCEDURE,6,@CLI_cAdr1,nvarchar,160,0,0,0
CLI_Update,dbo,"P ",SQL_STORED_PROCEDURE,7,@CLI_cAdr2,nvarchar,160,0,0,0
CLI_Update,dbo,"P ",SQL_STORED_PROCEDURE,8,@CLI_cCity,nvarchar,160,0,0,0
CLI_Update,dbo,"P ",SQL_STORED_PROCEDURE,9,@COU_cCode,char,2,0,0,0
CLI_Update,dbo,"P ",SQL_STORED_PROCEDURE,10,@REG_cCode,char,5,0,0,0
CLI_Update,dbo,"P ",SQL_STORED_PROCEDURE,11,@CLI_cPrimaryContact,nvarchar,160,0,0,0
CLI_Update,dbo,"P ",SQL_STORED_PROCEDURE,12,@CLI_cPrimaryContactEmail,varchar,80,0,0,0
CLI_Update,dbo,"P ",SQL_STORED_PROCEDURE,13,@CLI_cPrimaryContactTelWork,varchar,20,0,0,0
CLI_Update,dbo,"P ",SQL_STORED_PROCEDURE,14,@CLI_cPrimaryContactCell,varchar,20,0,0,0
CLI_Update,dbo,"P ",SQL_STORED_PROCEDURE,15,@CLI_cStatus,varchar,20,0,0,0
CLI_Update,dbo,"P ",SQL_STORED_PROCEDURE,16,@CLI_iTilesheetCount,int,4,10,0,0
COB_Update_FromTrigger,dbo,"P ",SQL_STORED_PROCEDURE,1,@COB_cKey,varchar,50,0,0,0
COB_Update_FromTrigger,dbo,"P ",SQL_STORED_PROCEDURE,2,@USE_cID,uniqueidentifier,16,0,0,0
COB_Update_FromTrigger,dbo,"P ",SQL_STORED_PROCEDURE,3,@CLI_cID,uniqueidentifier,16,0,0,0
COM_Init,dbo,"P ",SQL_STORED_PROCEDURE,1,@CLI_cId,uniqueidentifier,16,0,0,0
COM_Init,dbo,"P ",SQL_STORED_PROCEDURE,2,@CLI_cType,varchar,4,0,0,0
CreateTourney,dbo,"P ",SQL_STORED_PROCEDURE,1,@PLI_cID,uniqueidentifier,16,0,0,0
CreateTourney,dbo,"P ",SQL_STORED_PROCEDURE,2,@KitTemplateId,int,4,10,0,0
CreateTourney,dbo,"P ",SQL_STORED_PROCEDURE,3,@Date,datetime,8,23,3,0
CreateTourneyDowntime,dbo,"P ",SQL_STORED_PROCEDURE,1,@PLI_cID,uniqueidentifier,16,0,0,0
CreateTourneyDowntime,dbo,"P ",SQL_STORED_PROCEDURE,2,@Datetime,datetime,8,23,3,0
CreateTourneyGiveaway,dbo,"P ",SQL_STORED_PROCEDURE,1,@PLI_cID,uniqueidentifier,16,0,0,0
CreateTourneyGiveaway,dbo,"P ",SQL_STORED_PROCEDURE,2,@Datetime,datetime,8,23,3,0
CreateTourneyProductivity,dbo,"P ",SQL_STORED_PROCEDURE,1,@PLI_cID,uniqueidentifier,16,0,0,0
CreateTourneyProductivity,dbo,"P ",SQL_STORED_PROCEDURE,2,@Datetime,datetime,8,23,3,0
CreateTourneyTRG,dbo,"P ",SQL_STORED_PROCEDURE,1,@PLI_cID,uniqueidentifier,16,0,0,0
CreateTourneyTRG,dbo,"P ",SQL_STORED_PROCEDURE,2,@Datetime,datetime,8,23,3,0
CreateTourneyYield,dbo,"P ",SQL_STORED_PROCEDURE,1,@PLI_cID,uniqueidentifier,16,0,0,0
CreateTourneyYield,dbo,"P ",SQL_STORED_PROCEDURE,2,@Datetime,datetime,8,23,3,0
CSE_GetActiveSensors,dbo,"P ",SQL_STORED_PROCEDURE,1,@ClientId,uniqueidentifier,16,0,0,0
CSE_InitSensorSimulator,dbo,"P ",SQL_STORED_PROCEDURE,1,@CLI_cID,uniqueidentifier,16,0,0,0
CSE_Insert,dbo,"P ",SQL_STORED_PROCEDURE,1,@CSE_cID,uniqueidentifier,16,0,0,1
CSE_Insert,dbo,"P ",SQL_STORED_PROCEDURE,2,@CSE_dtCreated,datetime,8,23,3,0
CSE_Insert,dbo,"P ",SQL_STORED_PROCEDURE,3,@CSE_dtLastModified,datetime,8,23,3,0
CSE_Insert,dbo,"P ",SQL_STORED_PROCEDURE,4,@CSE_dtDeleted,datetime,8,23,3,0
CSE_Insert,dbo,"P ",SQL_STORED_PROCEDURE,5,@CLI_cID,uniqueidentifier,16,0,0,0
CSE_Insert,dbo,"P ",SQL_STORED_PROCEDURE,6,@CSE_cSensorID,varchar,50,0,0,0
CSE_Insert,dbo,"P ",SQL_STORED_PROCEDURE,7,@SI_cUnitOfMeasure,varchar,15,0,0,0
CSE_Insert,dbo,"P ",SQL_STORED_PROCEDURE,8,@PLI_cID,uniqueidentifier,16,0,0,0
CSE_Insert,dbo,"P ",SQL_STORED_PROCEDURE,9,@CSE_bSimulator,bit,1,1,0,0
CSE_Insert,dbo,"P ",SQL_STORED_PROCEDURE,10,@CSE_iLineOrder,int,4,10,0,0
CSE_Select,dbo,"P ",SQL_STORED_PROCEDURE,1,@WhereClause,varchar,-1,0,0,0
CSE_Update,dbo,"P ",SQL_STORED_PROCEDURE,1,@CSE_cID,uniqueidentifier,16,0,0,0
CSE_Update,dbo,"P ",SQL_STORED_PROCEDURE,2,@CSE_dtCreated,datetime,8,23,3,0
CSE_Update,dbo,"P ",SQL_STORED_PROCEDURE,3,@CSE_dtLastModified,datetime,8,23,3,1
CSE_Update,dbo,"P ",SQL_STORED_PROCEDURE,4,@CSE_dtDeleted,datetime,8,23,3,0
CSE_Update,dbo,"P ",SQL_STORED_PROCEDURE,5,@CLI_cID,uniqueidentifier,16,0,0,0
CSE_Update,dbo,"P ",SQL_STORED_PROCEDURE,6,@CSE_cSensorID,varchar,50,0,0,0
CSE_Update,dbo,"P ",SQL_STORED_PROCEDURE,7,@SI_cUnitOfMeasure,varchar,15,0,0,0
CSE_Update,dbo,"P ",SQL_STORED_PROCEDURE,8,@PLI_cID,uniqueidentifier,16,0,0,0
CSE_Update,dbo,"P ",SQL_STORED_PROCEDURE,9,@CSE_bSimulator,bit,1,1,0,0
CSE_Update,dbo,"P ",SQL_STORED_PROCEDURE,10,@CSE_iLineOrder,int,4,10,0,0
CUSTOM_SensorInsertMeasure,dbo,"P ",SQL_STORED_PROCEDURE,1,@MeasureDefinitionId,uniqueidentifier,16,0,0,0
CUSTOM_SensorInsertMeasure,dbo,"P ",SQL_STORED_PROCEDURE,2,@SensorId,uniqueidentifier,16,0,0,0
CUSTOM_SensorInsertMeasure,dbo,"P ",SQL_STORED_PROCEDURE,3,@SensorKey,varchar,100,0,0,0
CUSTOM_SensorInsertMeasure,dbo,"P ",SQL_STORED_PROCEDURE,4,@MacAddress,varchar,100,0,0,0
CUSTOM_SensorInsertMeasure,dbo,"P ",SQL_STORED_PROCEDURE,5,@ExternalSensorId,varchar,100,0,0,0
CUSTOM_SensorInsertMeasure,dbo,"P ",SQL_STORED_PROCEDURE,6,@ExternalMeasureDefinitionId,uniqueidentifier,16,0,0,0
CUSTOM_SensorInsertMeasure,dbo,"P ",SQL_STORED_PROCEDURE,7,@ExternalProductId,uniqueidentifier,16,0,0,0
CUSTOM_SensorInsertMeasure,dbo,"P ",SQL_STORED_PROCEDURE,8,@ExternalProductionId,uniqueidentifier,16,0,0,0
CUSTOM_SensorInsertMeasure,dbo,"P ",SQL_STORED_PROCEDURE,9,@ExternalProductVisible,bit,1,1,0,0
CUSTOM_SensorInsertMeasure,dbo,"P ",SQL_STORED_PROCEDURE,10,@ProductCode,varchar,100,0,0,0
CUSTOM_SensorInsertMeasure,dbo,"P ",SQL_STORED_PROCEDURE,11,@ProductName,varchar,100,0,0,0
CUSTOM_SensorInsertMeasure,dbo,"P ",SQL_STORED_PROCEDURE,12,@ExternalMeasureId,varchar,100,0,0,0
CUSTOM_SensorInsertMeasure,dbo,"P ",SQL_STORED_PROCEDURE,13,@TransactionDate,datetime,8,23,3,0
CUSTOM_SensorInsertMeasure,dbo,"P ",SQL_STORED_PROCEDURE,14,@Unit,varchar,100,0,0,0
CUSTOM_SensorInsertMeasure,dbo,"P ",SQL_STORED_PROCEDURE,15,@Value,real,4,24,0,0
CUSTOM_SensorInsertMeasure,dbo,"P ",SQL_STORED_PROCEDURE,16,@ValueDate,datetime,8,23,3,0
CUSTOM_SensorInsertMeasure,dbo,"P ",SQL_STORED_PROCEDURE,17,@ValueString,varchar,100,0,0,0
CUSTOM_SensorInsertMeasure,dbo,"P ",SQL_STORED_PROCEDURE,18,@Count,int,4,10,0,0
DELETE_ALL_DATABASE,dbo,"P ",SQL_STORED_PROCEDURE,1,@ParamVerif,varchar,2,0,0,0
DEV_FLUSH_DEVICE_DATA,dbo,"P ",SQL_STORED_PROCEDURE,1,@DEV_cID,uniqueidentifier,16,0,0,0
DEV_Insert,dbo,"P ",SQL_STORED_PROCEDURE,1,@DEV_cID,uniqueidentifier,16,0,0,1
DEV_Insert,dbo,"P ",SQL_STORED_PROCEDURE,2,@DEV_dtCreated,datetime,8,23,3,0
DEV_Insert,dbo,"P ",SQL_STORED_PROCEDURE,3,@DEV_dtLastModified,datetime,8,23,3,0
DEV_Insert,dbo,"P ",SQL_STORED_PROCEDURE,4,@DEV_dtDeleted,datetime,8,23,3,0
DEV_Insert,dbo,"P ",SQL_STORED_PROCEDURE,5,@CLI_cID,uniqueidentifier,16,0,0,0
DEV_Insert,dbo,"P ",SQL_STORED_PROCEDURE,6,@DEV_cName,nvarchar,160,0,0,0
DEV_Insert,dbo,"P ",SQL_STORED_PROCEDURE,7,@DEV_cUDID,uniqueidentifier,16,0,0,0
DEV_Insert,dbo,"P ",SQL_STORED_PROCEDURE,8,@DEV_bActive,bit,1,1,0,0
DEV_Insert,dbo,"P ",SQL_STORED_PROCEDURE,9,@DEV_bStreamingON,bit,1,1,0,0
DEV_Insert,dbo,"P ",SQL_STORED_PROCEDURE,10,@DEV_NSDataDevToken,binary,64,0,0,0
DEV_Select,dbo,"P ",SQL_STORED_PROCEDURE,1,@WhereClause,varchar,-1,0,0,0
DEV_Update,dbo,"P ",SQL_STORED_PROCEDURE,1,@DEV_cID,uniqueidentifier,16,0,0,0
DEV_Update,dbo,"P ",SQL_STORED_PROCEDURE,2,@DEV_dtCreated,datetime,8,23,3,0
DEV_Update,dbo,"P ",SQL_STORED_PROCEDURE,3,@DEV_dtLastModified,datetime,8,23,3,1
DEV_Update,dbo,"P ",SQL_STORED_PROCEDURE,4,@DEV_dtDeleted,datetime,8,23,3,0
DEV_Update,dbo,"P ",SQL_STORED_PROCEDURE,5,@CLI_cID,uniqueidentifier,16,0,0,0
DEV_Update,dbo,"P ",SQL_STORED_PROCEDURE,6,@DEV_cName,nvarchar,160,0,0,0
DEV_Update,dbo,"P ",SQL_STORED_PROCEDURE,7,@DEV_cUDID,uniqueidentifier,16,0,0,0
DEV_Update,dbo,"P ",SQL_STORED_PROCEDURE,8,@DEV_bActive,bit,1,1,0,0
DEV_Update,dbo,"P ",SQL_STORED_PROCEDURE,9,@DEV_bStreamingON,bit,1,1,0,0
DEV_Update,dbo,"P ",SQL_STORED_PROCEDURE,10,@DEV_NSDataDevToken,binary,64,0,0,0
DME_SetAlert,dbo,"P ",SQL_STORED_PROCEDURE,1,@MDE_cId,uniqueidentifier,16,0,0,0
DME_SetAlert,dbo,"P ",SQL_STORED_PROCEDURE,2,@Message,varchar,1024,0,0,0
DTH_GetThumbnailsAtDateTime,dbo,"P ",SQL_STORED_PROCEDURE,1,@PLI_cID,uniqueidentifier,16,0,0,0
DTH_GetThumbnailsAtDateTime,dbo,"P ",SQL_STORED_PROCEDURE,2,@USE_cID,uniqueidentifier,16,0,0,0
DTH_GetThumbnailsAtDateTime,dbo,"P ",SQL_STORED_PROCEDURE,3,@time,datetime,8,23,3,0
DTH_Insert,dbo,"P ",SQL_STORED_PROCEDURE,1,@DTH_cID,uniqueidentifier,16,0,0,0
DTH_Insert,dbo,"P ",SQL_STORED_PROCEDURE,2,@DTH_dtCreated,datetime,8,23,3,0
DTH_Insert,dbo,"P ",SQL_STORED_PROCEDURE,3,@DEV_cID,uniqueidentifier,16,0,0,0
DTH_Select,dbo,"P ",SQL_STORED_PROCEDURE,1,@WhereClause,varchar,-1,0,0,0
DVI_GetSingleVideosAtDateTime,dbo,"P ",SQL_STORED_PROCEDURE,1,@DEV_cID,uniqueidentifier,16,0,0,0
DVI_GetSingleVideosAtDateTime,dbo,"P ",SQL_STORED_PROCEDURE,2,@time,datetime,8,23,3,0
DVI_GetVideosAtDateTime,dbo,"P ",SQL_STORED_PROCEDURE,1,@PLI_cID,uniqueidentifier,16,0,0,0
DVI_GetVideosAtDateTime,dbo,"P ",SQL_STORED_PROCEDURE,2,@USE_cID,uniqueidentifier,16,0,0,0
DVI_GetVideosAtDateTime,dbo,"P ",SQL_STORED_PROCEDURE,3,@time,datetime,8,23,3,0
DVI_Insert,dbo,"P ",SQL_STORED_PROCEDURE,1,@DVI_cID,uniqueidentifier,16,0,0,0
DVI_Insert,dbo,"P ",SQL_STORED_PROCEDURE,2,@DVI_dtCreated,datetime,8,23,3,0
DVI_Insert,dbo,"P ",SQL_STORED_PROCEDURE,3,@DEV_cID,uniqueidentifier,16,0,0,0
DVI_Select,dbo,"P ",SQL_STORED_PROCEDURE,1,@WhereClause,varchar,-1,0,0,0
EmployeeAutoStop,dbo,"P ",SQL_STORED_PROCEDURE,1,@Now,datetime,8,23,3,0
ETE_AutoPunch,dbo,"P ",SQL_STORED_PROCEDURE,1,@Date,datetime,8,23,3,0
EvalTiles,dbo,"P ",SQL_STORED_PROCEDURE,1,@USE_cId,uniqueidentifier,16,0,0,0
EvalTiles,dbo,"P ",SQL_STORED_PROCEDURE,2,@PLI_cID,uniqueidentifier,16,0,0,0
EvalTiles,dbo,"P ",SQL_STORED_PROCEDURE,3,@Date,datetime,8,23,3,0
EvalTiles,dbo,"P ",SQL_STORED_PROCEDURE,4,@MDE_cLstId,varchar,-1,0,0,0
FDA_UpdateNode,dbo,"P ",SQL_STORED_PROCEDURE,1,@FDA_cID,uniqueidentifier,16,0,0,0
FDA_UpdateNode,dbo,"P ",SQL_STORED_PROCEDURE,2,@XMLNode,varchar,-1,0,0,0
FDA_UpdateNode,dbo,"P ",SQL_STORED_PROCEDURE,3,@OldColumn,varchar,-1,0,0,0
FDA_UpdateNode,dbo,"P ",SQL_STORED_PROCEDURE,4,@Column,varchar,-1,0,0,0
FDA_UpdateNode,dbo,"P ",SQL_STORED_PROCEDURE,5,@Value,varchar,-1,0,0,0
Forms_FindText,dbo,"P ",SQL_STORED_PROCEDURE,1,@Find,nvarchar,2048,0,0,0
GetTimesheet,dbo,"P ",SQL_STORED_PROCEDURE,1,@CLI_cID,uniqueidentifier,16,0,0,0
GetTimesheet,dbo,"P ",SQL_STORED_PROCEDURE,2,@DateBegin,datetime,8,23,3,0
GetTimesheet,dbo,"P ",SQL_STORED_PROCEDURE,3,@DateEnd,datetime,8,23,3,0
GetTimesheet,dbo,"P ",SQL_STORED_PROCEDURE,4,@OperationId,uniqueidentifier,16,0,0,0
GetTimesheet2,dbo,"P ",SQL_STORED_PROCEDURE,1,@CLI_cID,uniqueidentifier,16,0,0,0
GetTimesheet2,dbo,"P ",SQL_STORED_PROCEDURE,2,@DateBegin,datetime,8,23,3,0
GetTimesheet2,dbo,"P ",SQL_STORED_PROCEDURE,3,@DateEnd,datetime,8,23,3,0
GetTimesheet2,dbo,"P ",SQL_STORED_PROCEDURE,4,@OperationId,uniqueidentifier,16,0,0,0
GetTimesheet2,dbo,"P ",SQL_STORED_PROCEDURE,5,@ProductionLineId,uniqueidentifier,16,0,0,0
GetTimesheetOverlaps,dbo,"P ",SQL_STORED_PROCEDURE,1,@CLI_cID,uniqueidentifier,16,0,0,0
Graph_CountByProducts,dbo,"P ",SQL_STORED_PROCEDURE,1,@PLI_cID,uniqueidentifier,16,0,0,0
Graph_CountByProducts,dbo,"P ",SQL_STORED_PROCEDURE,2,@MDE_cID,uniqueidentifier,16,0,0,0
Graph_CountByProducts,dbo,"P ",SQL_STORED_PROCEDURE,3,@Begin,datetime,8,23,3,0
Graph_CountByProducts,dbo,"P ",SQL_STORED_PROCEDURE,4,@End,datetime,8,23,3,0
GRO_Init,dbo,"P ",SQL_STORED_PROCEDURE,1,@CLI_cID,uniqueidentifier,16,0,0,0
GRO_Insert,dbo,"P ",SQL_STORED_PROCEDURE,1,@GRO_cID,uniqueidentifier,16,0,0,0
GRO_Insert,dbo,"P ",SQL_STORED_PROCEDURE,2,@CLI_cID,uniqueidentifier,16,0,0,0
GRO_Insert,dbo,"P ",SQL_STORED_PROCEDURE,3,@GRO_cName,varchar,50,0,0,0
GRO_Insert,dbo,"P ",SQL_STORED_PROCEDURE,4,@GRO_bIsDefaultGroup,bit,1,1,0,0
GRO_Select,dbo,"P ",SQL_STORED_PROCEDURE,1,@WhereClause,varchar,-1,0,0,0
GRO_Update,dbo,"P ",SQL_STORED_PROCEDURE,1,@GRO_cID,uniqueidentifier,16,0,0,0
GRO_Update,dbo,"P ",SQL_STORED_PROCEDURE,2,@GRO_cName,varchar,50,0,0,0
GRO_Update,dbo,"P ",SQL_STORED_PROCEDURE,3,@GRO_bIsDefaultGroup,bit,1,1,0,0
HME_Insert,dbo,"P ",SQL_STORED_PROCEDURE,1,@HME_dtBeginInterval,datetime,8,23,3,0
HME_Insert,dbo,"P ",SQL_STORED_PROCEDURE,2,@HME_dtEndInterval,datetime,8,23,3,0
HME_Insert,dbo,"P ",SQL_STORED_PROCEDURE,3,@HME_iScale,int,4,10,0,0
HME_Insert,dbo,"P ",SQL_STORED_PROCEDURE,4,@HME_cScale,nvarchar,100,0,0,0
HME_Insert,dbo,"P ",SQL_STORED_PROCEDURE,5,@MDE_cID,uniqueidentifier,16,0,0,0
HME_Insert,dbo,"P ",SQL_STORED_PROCEDURE,6,@PLI_cID,uniqueidentifier,16,0,0,0
HME_Insert,dbo,"P ",SQL_STORED_PROCEDURE,7,@PRD_cID,uniqueidentifier,16,0,0,0
HME_Insert,dbo,"P ",SQL_STORED_PROCEDURE,8,@HME_rValue,real,4,24,0,0
HME_Insert,dbo,"P ",SQL_STORED_PROCEDURE,9,@PLB_cID,uniqueidentifier,16,0,0,0
HME_Insert,dbo,"P ",SQL_STORED_PROCEDURE,10,@HME_vcValue,varchar,50,0,0,0
HME_Insert,dbo,"P ",SQL_STORED_PROCEDURE,11,@HME_dtValueDateTime,datetime,8,23,3,0
HME_Insert,dbo,"P ",SQL_STORED_PROCEDURE,12,@HME_bOutdated,bit,1,1,0,0
HME_Outdated,dbo,"P ",SQL_STORED_PROCEDURE,1,@MDE_cID,uniqueidentifier,16,0,0,0
HME_Outdated,dbo,"P ",SQL_STORED_PROCEDURE,2,@Date,datetime,8,23,3,0
InsertLog,dbo,"P ",SQL_STORED_PROCEDURE,1,@Message,varchar,-1,0,0,0
Kit_Init,dbo,"P ",SQL_STORED_PROCEDURE,1,@PLI_cID,uniqueidentifier,16,0,0,0
Kit_Init,dbo,"P ",SQL_STORED_PROCEDURE,2,@KitTemplateId,int,4,10,0,0
ManagementParameter_Init,dbo,"P ",SQL_STORED_PROCEDURE,1,@PLI_cID,uniqueidentifier,16,0,0,0
ManagementParameter_Insert,dbo,"P ",SQL_STORED_PROCEDURE,1,@Name,nvarchar,200,0,0,0
ManagementParameter_Insert,dbo,"P ",SQL_STORED_PROCEDURE,2,@Identifier,nvarchar,200,0,0,0
ManagementParameter_Insert,dbo,"P ",SQL_STORED_PROCEDURE,3,@Unit,nvarchar,100,0,0,0
ManagementParameter_Insert,dbo,"P ",SQL_STORED_PROCEDURE,4,@FieldTypeId,nvarchar,100,0,0,0
ManagementParameter_Insert,dbo,"P ",SQL_STORED_PROCEDURE,5,@PLI_cID,uniqueidentifier,16,0,0,0
ManagementParameter_Insert,dbo,"P ",SQL_STORED_PROCEDURE,6,@ManagementParameterId,int,4,10,0,1
ManagementParameterDateTimeValueUpdate,dbo,"P ",SQL_STORED_PROCEDURE,1,@ManagementParameterIdentifier,nvarchar,200,0,0,0
ManagementParameterDateTimeValueUpdate,dbo,"P ",SQL_STORED_PROCEDURE,2,@ManagementParameterValue,datetime,8,23,3,0
ManagementParameterDateTimeValueUpdate,dbo,"P ",SQL_STORED_PROCEDURE,3,@PLI_cID,uniqueidentifier,16,0,0,0
ManagementParameterValueUpdate,dbo,"P ",SQL_STORED_PROCEDURE,1,@ManagementParameterIdentifier,nvarchar,200,0,0,0
ManagementParameterValueUpdate,dbo,"P ",SQL_STORED_PROCEDURE,2,@ManagementParameterValue,nvarchar,400,0,0,0
ManagementParameterValueUpdate,dbo,"P ",SQL_STORED_PROCEDURE,3,@PLI_cID,uniqueidentifier,16,0,0,0
MDE_GetValue,dbo,"P ",SQL_STORED_PROCEDURE,1,@PLI_cID,uniqueidentifier,16,0,0,0
MDE_GetValue,dbo,"P ",SQL_STORED_PROCEDURE,2,@PLB_cID,uniqueidentifier,16,0,0,0
MDE_GetValue,dbo,"P ",SQL_STORED_PROCEDURE,3,@DateDeb,datetime,8,23,3,0
MDE_GetValue,dbo,"P ",SQL_STORED_PROCEDURE,4,@DateFin,datetime,8,23,3,0
MDE_GetValue,dbo,"P ",SQL_STORED_PROCEDURE,5,@MDE_cID,uniqueidentifier,16,0,0,0
MDE_InitMeasureForClient,dbo,"P ",SQL_STORED_PROCEDURE,1,@CLI_cID,uniqueidentifier,16,0,0,0
MDE_InitMeasureForClientOld,dbo,"P ",SQL_STORED_PROCEDURE,1,@CLI_cID,uniqueidentifier,16,0,0,0
MDE_Insert,dbo,"P ",SQL_STORED_PROCEDURE,1,@MDE_cID,uniqueidentifier,16,0,0,0
MDE_Insert,dbo,"P ",SQL_STORED_PROCEDURE,2,@MDE_dtCreated,datetime,8,23,3,0
MDE_Insert,dbo,"P ",SQL_STORED_PROCEDURE,3,@MDE_dtLastModified,datetime,8,23,3,0
MDE_Insert,dbo,"P ",SQL_STORED_PROCEDURE,4,@MDE_dtDeleted,datetime,8,23,3,0
MDE_Insert,dbo,"P ",SQL_STORED_PROCEDURE,5,@CLI_cID,uniqueidentifier,16,0,0,0
MDE_Insert,dbo,"P ",SQL_STORED_PROCEDURE,6,@USE_cID,uniqueidentifier,16,0,0,0
MDE_Insert,dbo,"P ",SQL_STORED_PROCEDURE,7,@MET_cID,uniqueidentifier,16,0,0,0
MDE_Insert,dbo,"P ",SQL_STORED_PROCEDURE,8,@PLI_cID,uniqueidentifier,16,0,0,0
MDE_Insert,dbo,"P ",SQL_STORED_PROCEDURE,9,@CAT_cID,uniqueidentifier,16,0,0,0
MDE_Insert,dbo,"P ",SQL_STORED_PROCEDURE,10,@PRD_cID,uniqueidentifier,16,0,0,0
MDE_Insert,dbo,"P ",SQL_STORED_PROCEDURE,11,@MDE_bPrivate,bit,1,1,0,0
MDE_Insert,dbo,"P ",SQL_STORED_PROCEDURE,12,@MDE_bLocked,bit,1,1,0,0
MDE_Insert,dbo,"P ",SQL_STORED_PROCEDURE,13,@MDE_cMeasureName,nvarchar,160,0,0,0
MDE_Insert,dbo,"P ",SQL_STORED_PROCEDURE,14,@MDE_cMeasureType,varchar,5,0,0,0
MDE_Insert,dbo,"P ",SQL_STORED_PROCEDURE,15,@SI_cUnitOfMeasure,varchar,15,0,0,0
MDE_Insert,dbo,"P ",SQL_STORED_PROCEDURE,16,@MDE_cStatFormula,varchar,-1,0,0,0
MDE_Insert,dbo,"P ",SQL_STORED_PROCEDURE,17,@MDE_cStatFormulaIDList,varchar,-1,0,0,0
MDE_Insert,dbo,"P ",SQL_STORED_PROCEDURE,18,@MDE_cGraphTimeFrame,varchar,20,0,0,0
MDE_Insert,dbo,"P ",SQL_STORED_PROCEDURE,19,@DEV_cID,uniqueidentifier,16,0,0,0
MDE_Insert,dbo,"P ",SQL_STORED_PROCEDURE,20,@CSE_cID,uniqueidentifier,16,0,0,0
MDE_Insert,dbo,"P ",SQL_STORED_PROCEDURE,21,@SDE_cID,uniqueidentifier,16,0,0,0
MDE_Insert,dbo,"P ",SQL_STORED_PROCEDURE,22,@MDE_cMeasureDescription,nvarchar,-1,0,0,0
MDE_Insert,dbo,"P ",SQL_STORED_PROCEDURE,23,@MDE_bAddedToWorksheet,bit,1,1,0,0
MDE_Insert,dbo,"P ",SQL_STORED_PROCEDURE,24,@MDE_bAddedToSlideshow,bit,1,1,0,0
MDE_Insert,dbo,"P ",SQL_STORED_PROCEDURE,25,@MDE_cFormatString,varchar,30,0,0,0
MDE_InsertMin,dbo,"P ",SQL_STORED_PROCEDURE,1,@CLI_cID,uniqueidentifier,16,0,0,0
MDE_InsertMin,dbo,"P ",SQL_STORED_PROCEDURE,2,@PLI_cID,uniqueidentifier,16,0,0,0
MDE_InsertMin,dbo,"P ",SQL_STORED_PROCEDURE,3,@MDE_cMeasureName,nvarchar,160,0,0,0
MDE_InsertMin,dbo,"P ",SQL_STORED_PROCEDURE,4,@MDE_cMeasureType,varchar,5,0,0,0
MDE_InsertMin,dbo,"P ",SQL_STORED_PROCEDURE,5,@SI_cUnitOfMeasure,varchar,15,0,0,0
MDE_InsertMin,dbo,"P ",SQL_STORED_PROCEDURE,6,@MDE_cUnitFormat,varchar,200,0,0,0
MDE_InsertMin,dbo,"P ",SQL_STORED_PROCEDURE,7,@MDE_cStatFormula,varchar,-1,0,0,0
MDE_InsertMin,dbo,"P ",SQL_STORED_PROCEDURE,8,@MDE_cFormatString,varchar,30,0,0,0
MDE_InsertMin,dbo,"P ",SQL_STORED_PROCEDURE,9,@MDE_cForm,varchar,-1,0,0,0
MDE_InsertMin,dbo,"P ",SQL_STORED_PROCEDURE,10,@KitId,int,4,10,0,0
MDE_InsertMin,dbo,"P ",SQL_STORED_PROCEDURE,11,@KitTemplateMeasureDefinitionId,int,4,10,0,0
MDE_InsertMin,dbo,"P ",SQL_STORED_PROCEDURE,12,@ProductionGroupId,int,4,10,0,0
MDE_Select,dbo,"P ",SQL_STORED_PROCEDURE,1,@WhereClause,varchar,-1,0,0,0
MDE_SelectTiles4User,dbo,"P ",SQL_STORED_PROCEDURE,1,@USE_cID,uniqueidentifier,16,0,0,0
MDE_SelectTiles4User,dbo,"P ",SQL_STORED_PROCEDURE,2,@PRD_cID,uniqueidentifier,16,0,0,0
MDE_SetPictForClient,dbo,"P ",SQL_STORED_PROCEDURE,1,@CLI_cID,uniqueidentifier,16,0,0,0
MDE_SetVideoForDevice,dbo,"P ",SQL_STORED_PROCEDURE,1,@DEV_cID,uniqueidentifier,16,0,0,0
MDE_SetVideoForDevice,dbo,"P ",SQL_STORED_PROCEDURE,2,@PLI_cID,uniqueidentifier,16,0,0,0
MDE_TriggerAlert,dbo,"P ",SQL_STORED_PROCEDURE,1,@PLI_cID,uniqueidentifier,16,0,0,0
MDE_TriggerAlert,dbo,"P ",SQL_STORED_PROCEDURE,2,@Name,varchar,1024,0,0,0
MDE_Update,dbo,"P ",SQL_STORED_PROCEDURE,1,@MDE_cID,uniqueidentifier,16,0,0,0
MDE_Update,dbo,"P ",SQL_STORED_PROCEDURE,2,@MDE_dtCreated,datetime,8,23,3,0
MDE_Update,dbo,"P ",SQL_STORED_PROCEDURE,3,@MDE_dtLastModified,datetime,8,23,3,1
MDE_Update,dbo,"P ",SQL_STORED_PROCEDURE,4,@MDE_dtDeleted,datetime,8,23,3,0
MDE_Update,dbo,"P ",SQL_STORED_PROCEDURE,5,@CLI_cID,uniqueidentifier,16,0,0,0
MDE_Update,dbo,"P ",SQL_STORED_PROCEDURE,6,@USE_cID,uniqueidentifier,16,0,0,0
MDE_Update,dbo,"P ",SQL_STORED_PROCEDURE,7,@MET_cID,uniqueidentifier,16,0,0,0
MDE_Update,dbo,"P ",SQL_STORED_PROCEDURE,8,@PLI_cID,uniqueidentifier,16,0,0,0
MDE_Update,dbo,"P ",SQL_STORED_PROCEDURE,9,@CAT_cID,uniqueidentifier,16,0,0,0
MDE_Update,dbo,"P ",SQL_STORED_PROCEDURE,10,@PRD_cID,uniqueidentifier,16,0,0,0
MDE_Update,dbo,"P ",SQL_STORED_PROCEDURE,11,@MDE_bPrivate,bit,1,1,0,0
MDE_Update,dbo,"P ",SQL_STORED_PROCEDURE,12,@MDE_bLocked,bit,1,1,0,0
MDE_Update,dbo,"P ",SQL_STORED_PROCEDURE,13,@MDE_cMeasureName,nvarchar,160,0,0,0
MDE_Update,dbo,"P ",SQL_STORED_PROCEDURE,14,@MDE_cMeasureType,varchar,5,0,0,0
MDE_Update,dbo,"P ",SQL_STORED_PROCEDURE,15,@SI_cUnitOfMeasure,varchar,15,0,0,0
MDE_Update,dbo,"P ",SQL_STORED_PROCEDURE,16,@MDE_cStatFormula,varchar,-1,0,0,0
MDE_Update,dbo,"P ",SQL_STORED_PROCEDURE,17,@MDE_cStatFormulaIDList,varchar,-1,0,0,0
MDE_Update,dbo,"P ",SQL_STORED_PROCEDURE,18,@MDE_cGraphTimeFrame,varchar,20,0,0,0
MDE_Update,dbo,"P ",SQL_STORED_PROCEDURE,19,@DEV_cID,uniqueidentifier,16,0,0,0
MDE_Update,dbo,"P ",SQL_STORED_PROCEDURE,20,@CSE_cID,uniqueidentifier,16,0,0,0
MDE_Update,dbo,"P ",SQL_STORED_PROCEDURE,21,@SDE_cID,uniqueidentifier,16,0,0,0
MDE_Update,dbo,"P ",SQL_STORED_PROCEDURE,22,@MDE_cMeasureDescription,nvarchar,-1,0,0,0
MDE_Update,dbo,"P ",SQL_STORED_PROCEDURE,23,@MDE_bAddedToWorksheet,bit,1,1,0,0
MDE_Update,dbo,"P ",SQL_STORED_PROCEDURE,24,@MDE_bAddedToSlideshow,bit,1,1,0,0
MDE_Update,dbo,"P ",SQL_STORED_PROCEDURE,25,@MDE_cFormatString,varchar,30,0,0,0
MEA_EVAL,dbo,"P ",SQL_STORED_PROCEDURE,1,@USE_cId,uniqueidentifier,16,0,0,0
MEA_EVAL,dbo,"P ",SQL_STORED_PROCEDURE,2,@PLI_cID,uniqueidentifier,16,0,0,0
MEA_EVAL,dbo,"P ",SQL_STORED_PROCEDURE,3,@DateDeb,datetime,8,23,3,0
MEA_EVAL,dbo,"P ",SQL_STORED_PROCEDURE,4,@DateFin,datetime,8,23,3,0
MEA_EVAL,dbo,"P ",SQL_STORED_PROCEDURE,5,@MDE_cLstId,varchar,-1,0,0,0
MEA_EVAL_OLD,dbo,"P ",SQL_STORED_PROCEDURE,1,@PLI_cID,uniqueidentifier,16,0,0,0
MEA_EVAL_OLD,dbo,"P ",SQL_STORED_PROCEDURE,2,@DateDeb,datetime,8,23,3,0
MEA_EVAL_OLD,dbo,"P ",SQL_STORED_PROCEDURE,3,@DateFin,datetime,8,23,3,0
MEA_EVAL_OLD,dbo,"P ",SQL_STORED_PROCEDURE,4,@MDE_cLstId,varchar,-1,0,0,0
MEA_EVAL_TST,dbo,"P ",SQL_STORED_PROCEDURE,1,@PLI_cID,uniqueidentifier,16,0,0,0
MEA_EVAL_TST,dbo,"P ",SQL_STORED_PROCEDURE,2,@DateDeb,datetime,8,23,3,0
MEA_EVAL_TST,dbo,"P ",SQL_STORED_PROCEDURE,3,@DateFin,datetime,8,23,3,0
MEA_EVAL_TST,dbo,"P ",SQL_STORED_PROCEDURE,4,@MDE_cLstId,varchar,-1,0,0,0
MEA_EVAL2,dbo,"P ",SQL_STORED_PROCEDURE,1,@USE_cId,uniqueidentifier,16,0,0,0
MEA_EVAL2,dbo,"P ",SQL_STORED_PROCEDURE,2,@PLI_cID,uniqueidentifier,16,0,0,0
MEA_EVAL2,dbo,"P ",SQL_STORED_PROCEDURE,3,@DateDeb,datetime,8,23,3,0
MEA_EVAL2,dbo,"P ",SQL_STORED_PROCEDURE,4,@DateFin,datetime,8,23,3,0
MEA_EVAL2,dbo,"P ",SQL_STORED_PROCEDURE,5,@MDE_cLstId,varchar,-1,0,0,0
MEA_EVAL2_COPY,dbo,"P ",SQL_STORED_PROCEDURE,1,@USE_cId,uniqueidentifier,16,0,0,0
MEA_EVAL2_COPY,dbo,"P ",SQL_STORED_PROCEDURE,2,@PLI_cID,uniqueidentifier,16,0,0,0
MEA_EVAL2_COPY,dbo,"P ",SQL_STORED_PROCEDURE,3,@DateDeb,datetime,8,23,3,0
MEA_EVAL2_COPY,dbo,"P ",SQL_STORED_PROCEDURE,4,@DateFin,datetime,8,23,3,0
MEA_EVAL2_COPY,dbo,"P ",SQL_STORED_PROCEDURE,5,@MDE_cLstId,varchar,-1,0,0,0
MEA_GetDateRange,dbo,"P ",SQL_STORED_PROCEDURE,1,@UseHistory,bit,1,1,0,0
MEA_GRAPH,client,"P ",SQL_STORED_PROCEDURE,1,@PLI_cID,uniqueidentifier,16,0,0,0
MEA_GRAPH,dbo,"P ",SQL_STORED_PROCEDURE,1,@PLI_cID,uniqueidentifier,16,0,0,0
MEA_GRAPH,client,"P ",SQL_STORED_PROCEDURE,2,@PRD_cID,uniqueidentifier,16,0,0,0
MEA_GRAPH,dbo,"P ",SQL_STORED_PROCEDURE,2,@PRD_cID,uniqueidentifier,16,0,0,0
MEA_GRAPH,client,"P ",SQL_STORED_PROCEDURE,3,@MDE_cID,uniqueidentifier,16,0,0,0
MEA_GRAPH,dbo,"P ",SQL_STORED_PROCEDURE,3,@MDE_cID,uniqueidentifier,16,0,0,0
MEA_GRAPH,client,"P ",SQL_STORED_PROCEDURE,4,@DateDebut,datetime,8,23,3,0
MEA_GRAPH,dbo,"P ",SQL_STORED_PROCEDURE,4,@DateDebut,datetime,8,23,3,0
MEA_GRAPH,client,"P ",SQL_STORED_PROCEDURE,5,@DateFin,datetime,8,23,3,0
MEA_GRAPH,dbo,"P ",SQL_STORED_PROCEDURE,5,@DateFin,datetime,8,23,3,0
MEA_GRAPH,client,"P ",SQL_STORED_PROCEDURE,6,@Points,int,4,10,0,0
MEA_GRAPH,dbo,"P ",SQL_STORED_PROCEDURE,6,@Points,int,4,10,0,0
MEA_GRAPH,client,"P ",SQL_STORED_PROCEDURE,7,@UseHistory,bit,1,1,0,0
MEA_GRAPH,dbo,"P ",SQL_STORED_PROCEDURE,7,@UseHistory,bit,1,1,0,0
MEA_GRAPH_DevAvecAlerte,dbo,"P ",SQL_STORED_PROCEDURE,1,@USE_cID,uniqueidentifier,16,0,0,0
MEA_GRAPH_DevAvecAlerte,dbo,"P ",SQL_STORED_PROCEDURE,2,@PLI_cID,uniqueidentifier,16,0,0,0
MEA_GRAPH_DevAvecAlerte,dbo,"P ",SQL_STORED_PROCEDURE,3,@PRD_cID,uniqueidentifier,16,0,0,0
MEA_GRAPH_DevAvecAlerte,dbo,"P ",SQL_STORED_PROCEDURE,4,@MDE_cID,uniqueidentifier,16,0,0,0
MEA_GRAPH_DevAvecAlerte,dbo,"P ",SQL_STORED_PROCEDURE,5,@DateDebut,datetime,8,23,3,0
MEA_GRAPH_DevAvecAlerte,dbo,"P ",SQL_STORED_PROCEDURE,6,@DateFin,datetime,8,23,3,0
MEA_GRAPH_DevAvecAlerte,dbo,"P ",SQL_STORED_PROCEDURE,7,@Points,int,4,10,0,0
MEA_GRAPH_Multiple,dbo,"P ",SQL_STORED_PROCEDURE,1,@PLI_cID,uniqueidentifier,16,0,0,0
MEA_GRAPH_Multiple,dbo,"P ",SQL_STORED_PROCEDURE,2,@PRD_cID,uniqueidentifier,16,0,0,0
MEA_GRAPH_Multiple,dbo,"P ",SQL_STORED_PROCEDURE,3,@ListMDE_cID,varchar,1024,0,0,0
MEA_GRAPH_Multiple,dbo,"P ",SQL_STORED_PROCEDURE,4,@DateDebut,datetime,8,23,3,0
MEA_GRAPH_Multiple,dbo,"P ",SQL_STORED_PROCEDURE,5,@DateFin,datetime,8,23,3,0
MEA_GRAPH_Multiple,dbo,"P ",SQL_STORED_PROCEDURE,6,@Points,int,4,10,0,0
MEA_GRAPH_Multiple,dbo,"P ",SQL_STORED_PROCEDURE,7,@UseHistory,bit,1,1,0,0
MEA_Insert,dbo,"P ",SQL_STORED_PROCEDURE,1,@MEA_cID,uniqueidentifier,16,0,0,1
MEA_Insert,dbo,"P ",SQL_STORED_PROCEDURE,2,@MEA_dtCreated,datetime,8,23,3,0
MEA_Insert,dbo,"P ",SQL_STORED_PROCEDURE,3,@MEA_dtLastModified,datetime,8,23,3,0
MEA_Insert,dbo,"P ",SQL_STORED_PROCEDURE,4,@MEA_dtDeleted,datetime,8,23,3,0
MEA_Insert,dbo,"P ",SQL_STORED_PROCEDURE,5,@PLB_cID,uniqueidentifier,16,0,0,0
MEA_Insert,dbo,"P ",SQL_STORED_PROCEDURE,6,@MDE_cID,uniqueidentifier,16,0,0,0
MEA_Insert,dbo,"P ",SQL_STORED_PROCEDURE,7,@MEA_rValue,real,4,24,0,0
MEA_Insert,dbo,"P ",SQL_STORED_PROCEDURE,8,@CSE_cID,uniqueidentifier,16,0,0,0
MEA_Insert,dbo,"P ",SQL_STORED_PROCEDURE,9,@MEA_cNotes,xml,-1,0,0,0
MEA_Insert,dbo,"P ",SQL_STORED_PROCEDURE,10,@ExternalId,varchar,50,0,0,0
MEA_Insert,dbo,"P ",SQL_STORED_PROCEDURE,11,@PRD_cID,uniqueidentifier,16,0,0,0
MEA_Insert,dbo,"P ",SQL_STORED_PROCEDURE,12,@MEA_iCount,int,4,10,0,0
MEA_Insert,dbo,"P ",SQL_STORED_PROCEDURE,13,@MEA_dtValue,datetime,8,23,3,0
MEA_Insert2,dbo,"P ",SQL_STORED_PROCEDURE,1,@MEA_cID,uniqueidentifier,16,0,0,1
MEA_Insert2,dbo,"P ",SQL_STORED_PROCEDURE,2,@MEA_dtCreated,datetime,8,23,3,0
MEA_Insert2,dbo,"P ",SQL_STORED_PROCEDURE,3,@MEA_dtLastModified,datetime,8,23,3,0
MEA_Insert2,dbo,"P ",SQL_STORED_PROCEDURE,4,@MEA_dtDeleted,datetime,8,23,3,0
MEA_Insert2,dbo,"P ",SQL_STORED_PROCEDURE,5,@PLB_cID,uniqueidentifier,16,0,0,0
MEA_Insert2,dbo,"P ",SQL_STORED_PROCEDURE,6,@MDE_cID,uniqueidentifier,16,0,0,0
MEA_Insert2,dbo,"P ",SQL_STORED_PROCEDURE,7,@MEA_rValue,real,4,24,0,0
MEA_Insert2,dbo,"P ",SQL_STORED_PROCEDURE,8,@CSE_cID,uniqueidentifier,16,0,0,0
MEA_Insert2,dbo,"P ",SQL_STORED_PROCEDURE,9,@MEA_cNotes,xml,-1,0,0,0
MEA_Insert2,dbo,"P ",SQL_STORED_PROCEDURE,10,@ExternalId,varchar,50,0,0,0
MEA_Insert2,dbo,"P ",SQL_STORED_PROCEDURE,11,@PRD_cID,uniqueidentifier,16,0,0,0
MEA_Insert2,dbo,"P ",SQL_STORED_PROCEDURE,12,@MEA_iCount,int,4,10,0,0
MEA_Insert2,dbo,"P ",SQL_STORED_PROCEDURE,13,@MEA_dtValue,datetime,8,23,3,0
MEA_Insert2,dbo,"P ",SQL_STORED_PROCEDURE,14,@MEA_vcValue,varchar,-1,0,0,0
MEA_Insert3,dbo,"P ",SQL_STORED_PROCEDURE,1,@MEA_cID,uniqueidentifier,16,0,0,1
MEA_Insert3,dbo,"P ",SQL_STORED_PROCEDURE,2,@MEA_dtCreated,datetime,8,23,3,0
MEA_Insert3,dbo,"P ",SQL_STORED_PROCEDURE,3,@MEA_dtLastModified,datetime,8,23,3,0
MEA_Insert3,dbo,"P ",SQL_STORED_PROCEDURE,4,@MEA_dtDeleted,datetime,8,23,3,0
MEA_Insert3,dbo,"P ",SQL_STORED_PROCEDURE,5,@PLB_cID,uniqueidentifier,16,0,0,0
MEA_Insert3,dbo,"P ",SQL_STORED_PROCEDURE,6,@MDE_cID,uniqueidentifier,16,0,0,0
MEA_Insert3,dbo,"P ",SQL_STORED_PROCEDURE,7,@MEA_rValueGross,real,4,24,0,0
MEA_Insert3,dbo,"P ",SQL_STORED_PROCEDURE,8,@MEA_rTare,real,4,24,0,0
MEA_Insert3,dbo,"P ",SQL_STORED_PROCEDURE,9,@MEA_rValue,real,4,24,0,0
MEA_Insert3,dbo,"P ",SQL_STORED_PROCEDURE,10,@CSE_cID,uniqueidentifier,16,0,0,0
MEA_Insert3,dbo,"P ",SQL_STORED_PROCEDURE,11,@MEA_cNotes,xml,-1,0,0,0
MEA_Insert3,dbo,"P ",SQL_STORED_PROCEDURE,12,@ExternalId,varchar,50,0,0,0
MEA_Insert3,dbo,"P ",SQL_STORED_PROCEDURE,13,@PRD_cID,uniqueidentifier,16,0,0,0
MEA_Insert3,dbo,"P ",SQL_STORED_PROCEDURE,14,@MEA_iCount,int,4,10,0,0
MEA_Insert3,dbo,"P ",SQL_STORED_PROCEDURE,15,@MEA_dtValue,datetime,8,23,3,0
MEA_Insert3,dbo,"P ",SQL_STORED_PROCEDURE,16,@MEA_vcValue,varchar,-1,0,0,0
MEA_InsertMin,dbo,"P ",SQL_STORED_PROCEDURE,1,@PLI_cID,uniqueidentifier,16,0,0,0
MEA_InsertMin,dbo,"P ",SQL_STORED_PROCEDURE,2,@CSE_cID,uniqueidentifier,16,0,0,0
MEA_InsertMin,dbo,"P ",SQL_STORED_PROCEDURE,3,@MDE_cID,uniqueidentifier,16,0,0,0
MEA_InsertMin,dbo,"P ",SQL_STORED_PROCEDURE,4,@DateTransaction,datetime,8,23,3,0
MEA_InsertMin,dbo,"P ",SQL_STORED_PROCEDURE,5,@Value,real,4,24,0,0
MEA_InsertMin,dbo,"P ",SQL_STORED_PROCEDURE,6,@ExternalId,varchar,50,0,0,0
MEA_InsertMin,dbo,"P ",SQL_STORED_PROCEDURE,7,@PRD_cID,uniqueidentifier,16,0,0,0
MEA_InsertMin,dbo,"P ",SQL_STORED_PROCEDURE,8,@MEA_iCount,int,4,10,0,0
MEA_InsertMin,dbo,"P ",SQL_STORED_PROCEDURE,9,@MEA_dtValue,datetime,8,23,3,0
MEA_InsertMin2,dbo,"P ",SQL_STORED_PROCEDURE,1,@PLI_cID,uniqueidentifier,16,0,0,0
MEA_InsertMin2,dbo,"P ",SQL_STORED_PROCEDURE,2,@CSE_cID,uniqueidentifier,16,0,0,0
MEA_InsertMin2,dbo,"P ",SQL_STORED_PROCEDURE,3,@MDE_cID,uniqueidentifier,16,0,0,0
MEA_InsertMin2,dbo,"P ",SQL_STORED_PROCEDURE,4,@DateTransaction,datetime,8,23,3,0
MEA_InsertMin2,dbo,"P ",SQL_STORED_PROCEDURE,5,@Value,real,4,24,0,0
MEA_InsertMin2,dbo,"P ",SQL_STORED_PROCEDURE,6,@ExternalId,varchar,50,0,0,0
MEA_InsertMin2,dbo,"P ",SQL_STORED_PROCEDURE,7,@PRD_cID,uniqueidentifier,16,0,0,0
MEA_InsertMin2,dbo,"P ",SQL_STORED_PROCEDURE,8,@MEA_iCount,int,4,10,0,0
MEA_InsertMin2,dbo,"P ",SQL_STORED_PROCEDURE,9,@MEA_dtValue,datetime,8,23,3,0
MEA_InsertMin2,dbo,"P ",SQL_STORED_PROCEDURE,10,@MEA_vcValue,varchar,-1,0,0,0
MEA_Select,dbo,"P ",SQL_STORED_PROCEDURE,1,@WhereClause,varchar,-1,0,0,0
MEA_SyncMeasureOnProductionTimeChange,dbo,"P ",SQL_STORED_PROCEDURE,1,@PLB_cID,uniqueidentifier,16,0,0,0
MEA_SyncMeasureOnProductionTimeChange,dbo,"P ",SQL_STORED_PROCEDURE,2,@PLI_cID,uniqueidentifier,16,0,0,0
MEA_SyncMeasureOnProductionTimeChange,dbo,"P ",SQL_STORED_PROCEDURE,3,@PLB_dtBeginBefore,datetime,8,23,3,0
MEA_SyncMeasureOnProductionTimeChange,dbo,"P ",SQL_STORED_PROCEDURE,4,@PLB_dtEndBefore,datetime,8,23,3,0
MEA_SyncMeasureOnProductionTimeChange,dbo,"P ",SQL_STORED_PROCEDURE,5,@PLB_dtBeginAfter,datetime,8,23,3,0
MEA_SyncMeasureOnProductionTimeChange,dbo,"P ",SQL_STORED_PROCEDURE,6,@PLB_dtEndAfter,datetime,8,23,3,0
MEA_Update,dbo,"P ",SQL_STORED_PROCEDURE,1,@MEA_cID,uniqueidentifier,16,0,0,0
MEA_Update,dbo,"P ",SQL_STORED_PROCEDURE,2,@MEA_dtCreated,datetime,8,23,3,0
MEA_Update,dbo,"P ",SQL_STORED_PROCEDURE,3,@MEA_dtLastModified,datetime,8,23,3,1
MEA_Update,dbo,"P ",SQL_STORED_PROCEDURE,4,@MEA_dtDeleted,datetime,8,23,3,0
MEA_Update,dbo,"P ",SQL_STORED_PROCEDURE,5,@PLB_cID,uniqueidentifier,16,0,0,0
MEA_Update,dbo,"P ",SQL_STORED_PROCEDURE,6,@MDE_cID,uniqueidentifier,16,0,0,0
MEA_Update,dbo,"P ",SQL_STORED_PROCEDURE,7,@MEA_rValue,real,4,24,0,0
MEA_Update,dbo,"P ",SQL_STORED_PROCEDURE,8,@CSE_cID,uniqueidentifier,16,0,0,0
MEA_Update,dbo,"P ",SQL_STORED_PROCEDURE,9,@MEA_cNotes,xml,-1,0,0,0
NEM_Select,dbo,"P ",SQL_STORED_PROCEDURE,1,@WhereClause,varchar,-1,0,0,0
NOT_Check4Notification,dbo,"P ",SQL_STORED_PROCEDURE,1,@PLB_cID,uniqueidentifier,16,0,0,0
NOT_Check4Notification,dbo,"P ",SQL_STORED_PROCEDURE,2,@MDE_cID,uniqueidentifier,16,0,0,0
NOT_Check4Notification,dbo,"P ",SQL_STORED_PROCEDURE,3,@MEA_rValue,real,4,24,0,0
NOT_CheckFormAlert,dbo,"P ",SQL_STORED_PROCEDURE,1,@NOT_cID,uniqueidentifier,16,0,0,0
NOT_CheckFormAlert,dbo,"P ",SQL_STORED_PROCEDURE,2,@MDE_cID,uniqueidentifier,16,0,0,0
NOT_GetNotificationEventsForDate,dbo,"P ",SQL_STORED_PROCEDURE,1,@PLI_cID,uniqueidentifier,16,0,0,0
NOT_GetNotificationEventsForDate,dbo,"P ",SQL_STORED_PROCEDURE,2,@PLB_cID,uniqueidentifier,16,0,0,0
NOT_GetNotificationEventsForDate,dbo,"P ",SQL_STORED_PROCEDURE,3,@USE_cID,uniqueidentifier,16,0,0,0
NOT_GetNotificationEventsForDate,dbo,"P ",SQL_STORED_PROCEDURE,4,@DateDeb,datetime,8,23,3,0
NOT_GetNotificationEventsForDate,dbo,"P ",SQL_STORED_PROCEDURE,5,@DateFin,datetime,8,23,3,0
NOT_GetNotificationEventsForProduction,dbo,"P ",SQL_STORED_PROCEDURE,1,@PLB_cID,uniqueidentifier,16,0,0,0
NOT_Insert,dbo,"P ",SQL_STORED_PROCEDURE,1,@NOT_cId,uniqueidentifier,16,0,0,0
NOT_Insert,dbo,"P ",SQL_STORED_PROCEDURE,2,@NOT_dtCreated,datetime,8,23,3,0
NOT_Insert,dbo,"P ",SQL_STORED_PROCEDURE,3,@NOT_dtLastModified,datetime,8,23,3,0
NOT_Insert,dbo,"P ",SQL_STORED_PROCEDURE,4,@NOT_dtDeleted,datetime,8,23,3,0
NOT_Insert,dbo,"P ",SQL_STORED_PROCEDURE,5,@MDE_cId,uniqueidentifier,16,0,0,0
NOT_Insert,dbo,"P ",SQL_STORED_PROCEDURE,6,@USE_cId,uniqueidentifier,16,0,0,0
NOT_Insert,dbo,"P ",SQL_STORED_PROCEDURE,7,@PLI_cId,uniqueidentifier,16,0,0,0
NOT_Insert,dbo,"P ",SQL_STORED_PROCEDURE,8,@NOT_bActive,bit,1,1,0,0
NOT_Insert,dbo,"P ",SQL_STORED_PROCEDURE,9,@NOT_cOperator,varchar,2,0,0,0
NOT_Insert,dbo,"P ",SQL_STORED_PROCEDURE,10,@NOT_rValue1,real,4,24,0,0
NOT_Insert,dbo,"P ",SQL_STORED_PROCEDURE,11,@NOT_rValue2,real,4,24,0,0
NOT_Insert,dbo,"P ",SQL_STORED_PROCEDURE,12,@NOT_iDureeSec,int,4,10,0,0
NOT_Insert,dbo,"P ",SQL_STORED_PROCEDURE,13,@NOT_cMessage,nvarchar,100,0,0,0
NOT_InsertOld,dbo,"P ",SQL_STORED_PROCEDURE,1,@NOT_cId,uniqueidentifier,16,0,0,0
NOT_InsertOld,dbo,"P ",SQL_STORED_PROCEDURE,2,@NOT_dtCreated,datetime,8,23,3,0
NOT_InsertOld,dbo,"P ",SQL_STORED_PROCEDURE,3,@NOT_dtLastModified,datetime,8,23,3,0
NOT_InsertOld,dbo,"P ",SQL_STORED_PROCEDURE,4,@NOT_dtDeleted,datetime,8,23,3,0
NOT_InsertOld,dbo,"P ",SQL_STORED_PROCEDURE,5,@MDE_cId,uniqueidentifier,16,0,0,0
NOT_InsertOld,dbo,"P ",SQL_STORED_PROCEDURE,6,@USE_cId,uniqueidentifier,16,0,0,0
NOT_InsertOld,dbo,"P ",SQL_STORED_PROCEDURE,7,@NOT_bActive,bit,1,1,0,0
NOT_InsertOld,dbo,"P ",SQL_STORED_PROCEDURE,8,@NOT_cOperator,varchar,2,0,0,0
NOT_InsertOld,dbo,"P ",SQL_STORED_PROCEDURE,9,@NOT_rValue1,real,4,24,0,0
NOT_InsertOld,dbo,"P ",SQL_STORED_PROCEDURE,10,@NOT_rValue2,real,4,24,0,0
NOT_InsertOld,dbo,"P ",SQL_STORED_PROCEDURE,11,@NOT_iDureeSec,int,4,10,0,0
NOT_InsertOld,dbo,"P ",SQL_STORED_PROCEDURE,12,@NOT_cMessage,nvarchar,100,0,0,0
NOT_Select,dbo,"P ",SQL_STORED_PROCEDURE,1,@WhereClause,varchar,-1,0,0,0
NOT_Update,dbo,"P ",SQL_STORED_PROCEDURE,1,@NOT_cId,uniqueidentifier,16,0,0,0
NOT_Update,dbo,"P ",SQL_STORED_PROCEDURE,2,@NOT_dtCreated,datetime,8,23,3,0
NOT_Update,dbo,"P ",SQL_STORED_PROCEDURE,3,@NOT_dtLastModified,datetime,8,23,3,0
NOT_Update,dbo,"P ",SQL_STORED_PROCEDURE,4,@NOT_dtDeleted,datetime,8,23,3,0
NOT_Update,dbo,"P ",SQL_STORED_PROCEDURE,5,@MDE_cId,uniqueidentifier,16,0,0,0
NOT_Update,dbo,"P ",SQL_STORED_PROCEDURE,6,@USE_cId,uniqueidentifier,16,0,0,0
NOT_Update,dbo,"P ",SQL_STORED_PROCEDURE,7,@PLI_cId,uniqueidentifier,16,0,0,0
NOT_Update,dbo,"P ",SQL_STORED_PROCEDURE,8,@NOT_bActive,bit,1,1,0,0
NOT_Update,dbo,"P ",SQL_STORED_PROCEDURE,9,@NOT_cOperator,varchar,2,0,0,0
NOT_Update,dbo,"P ",SQL_STORED_PROCEDURE,10,@NOT_rValue1,real,4,24,0,0
NOT_Update,dbo,"P ",SQL_STORED_PROCEDURE,11,@NOT_rValue2,real,4,24,0,0
NOT_Update,dbo,"P ",SQL_STORED_PROCEDURE,12,@NOT_iDureeSec,int,4,10,0,0
NOT_Update,dbo,"P ",SQL_STORED_PROCEDURE,13,@NOT_cMessage,nvarchar,100,0,0,0
NOT_UpdateOld,dbo,"P ",SQL_STORED_PROCEDURE,1,@NOT_cId,uniqueidentifier,16,0,0,0
NOT_UpdateOld,dbo,"P ",SQL_STORED_PROCEDURE,2,@NOT_dtCreated,datetime,8,23,3,0
NOT_UpdateOld,dbo,"P ",SQL_STORED_PROCEDURE,3,@NOT_dtLastModified,datetime,8,23,3,0
NOT_UpdateOld,dbo,"P ",SQL_STORED_PROCEDURE,4,@NOT_dtDeleted,datetime,8,23,3,0
NOT_UpdateOld,dbo,"P ",SQL_STORED_PROCEDURE,5,@MDE_cId,uniqueidentifier,16,0,0,0
NOT_UpdateOld,dbo,"P ",SQL_STORED_PROCEDURE,6,@USE_cId,uniqueidentifier,16,0,0,0
NOT_UpdateOld,dbo,"P ",SQL_STORED_PROCEDURE,7,@NOT_bActive,bit,1,1,0,0
NOT_UpdateOld,dbo,"P ",SQL_STORED_PROCEDURE,8,@NOT_cOperator,varchar,2,0,0,0
NOT_UpdateOld,dbo,"P ",SQL_STORED_PROCEDURE,9,@NOT_rValue1,real,4,24,0,0
NOT_UpdateOld,dbo,"P ",SQL_STORED_PROCEDURE,10,@NOT_rValue2,real,4,24,0,0
NOT_UpdateOld,dbo,"P ",SQL_STORED_PROCEDURE,11,@NOT_iDureeSec,int,4,10,0,0
NOT_UpdateOld,dbo,"P ",SQL_STORED_PROCEDURE,12,@NOT_cMessage,nvarchar,100,0,0,0
PLB_AutoCheck,dbo,"P ",SQL_STORED_PROCEDURE,1,@Now,datetime,8,23,3,0
PLB_AutoStop,dbo,"P ",SQL_STORED_PROCEDURE,1,@Now,datetime,8,23,3,0
PLB_AutoStopOld,dbo,"P ",SQL_STORED_PROCEDURE,1,@ProductionLineId,uniqueidentifier,16,0,0,0
PLB_AutoStopOld,dbo,"P ",SQL_STORED_PROCEDURE,2,@Duration,int,4,10,0,0
PLB_ChangeProduct,dbo,"P ",SQL_STORED_PROCEDURE,1,@PLI_cID,uniqueidentifier,16,0,0,0
PLB_ChangeProduct,dbo,"P ",SQL_STORED_PROCEDURE,2,@PRD_cID,uniqueidentifier,16,0,0,0
PLB_ChangeProduct,dbo,"P ",SQL_STORED_PROCEDURE,3,@USE_cID,uniqueidentifier,16,0,0,0
PLB_ChangeProduct,dbo,"P ",SQL_STORED_PROCEDURE,4,@NewProduction,int,4,10,0,0
PLB_CloseAllOpenProductionOnLine,dbo,"P ",SQL_STORED_PROCEDURE,1,@PLI_cID,uniqueidentifier,16,0,0,0
PLB_CloseAllOpenProductionOnLine,dbo,"P ",SQL_STORED_PROCEDURE,2,@DateEnd,datetime,8,23,3,0
PLB_CloseAllOpenProductionOnLine,dbo,"P ",SQL_STORED_PROCEDURE,3,@CloseNotificationEvents,bit,1,1,0,0
PLB_Insert,dbo,"P ",SQL_STORED_PROCEDURE,1,@PLB_cID,uniqueidentifier,16,0,0,0
PLB_Insert,dbo,"P ",SQL_STORED_PROCEDURE,2,@PLB_dtCreated,datetime,8,23,3,0
PLB_Insert,dbo,"P ",SQL_STORED_PROCEDURE,3,@PLB_dtLastModified,datetime,8,23,3,0
PLB_Insert,dbo,"P ",SQL_STORED_PROCEDURE,4,@PLB_dtDeleted,datetime,8,23,3,0
PLB_Insert,dbo,"P ",SQL_STORED_PROCEDURE,5,@PLI_cID,uniqueidentifier,16,0,0,0
PLB_Insert,dbo,"P ",SQL_STORED_PROCEDURE,6,@PRD_cID,uniqueidentifier,16,0,0,0
PLB_Insert,dbo,"P ",SQL_STORED_PROCEDURE,7,@USE_cID,uniqueidentifier,16,0,0,0
PLB_Insert,dbo,"P ",SQL_STORED_PROCEDURE,8,@PLB_dtBegin,datetime,8,23,3,0
PLB_Insert,dbo,"P ",SQL_STORED_PROCEDURE,9,@PLB_dtEnd,datetime,8,23,3,0
PLB_Move,dbo,"P ",SQL_STORED_PROCEDURE,1,@FromProductionId,uniqueidentifier,16,0,0,0
PLB_Move,dbo,"P ",SQL_STORED_PROCEDURE,2,@ToProductionId,uniqueidentifier,16,0,0,0
PLB_Select,dbo,"P ",SQL_STORED_PROCEDURE,1,@WhereClause,varchar,-1,0,0,0
PLB_StartIfNone,dbo,"P ",SQL_STORED_PROCEDURE,1,@PLI_cID,uniqueidentifier,16,0,0,0
PLB_StartIfNone,dbo,"P ",SQL_STORED_PROCEDURE,2,@PRD_cID,uniqueidentifier,16,0,0,0
PLB_StartIfNone,dbo,"P ",SQL_STORED_PROCEDURE,3,@USE_cID,uniqueidentifier,16,0,0,0
PLB_StartIfNone,dbo,"P ",SQL_STORED_PROCEDURE,4,@DateBegin,datetime,8,23,3,0
PLB_StartIfNone,dbo,"P ",SQL_STORED_PROCEDURE,5,@PLB_cExternalID,varchar,50,0,0,0
PLB_StartIfNone,dbo,"P ",SQL_STORED_PROCEDURE,6,@CSE_cID,uniqueidentifier,16,0,0,0
PLB_StartIfNone,dbo,"P ",SQL_STORED_PROCEDURE,7,@MDE_cID,uniqueidentifier,16,0,0,0
PLB_Update,dbo,"P ",SQL_STORED_PROCEDURE,1,@PLB_cID,uniqueidentifier,16,0,0,0
PLB_Update,dbo,"P ",SQL_STORED_PROCEDURE,2,@PLB_dtCreated,datetime,8,23,3,0
PLB_Update,dbo,"P ",SQL_STORED_PROCEDURE,3,@PLB_dtLastModified,datetime,8,23,3,1
PLB_Update,dbo,"P ",SQL_STORED_PROCEDURE,4,@PLB_dtDeleted,datetime,8,23,3,0
PLB_Update,dbo,"P ",SQL_STORED_PROCEDURE,5,@PLI_cID,uniqueidentifier,16,0,0,0
PLB_Update,dbo,"P ",SQL_STORED_PROCEDURE,6,@PRD_cID,uniqueidentifier,16,0,0,0
PLB_Update,dbo,"P ",SQL_STORED_PROCEDURE,7,@USE_cID,uniqueidentifier,16,0,0,0
PLB_Update,dbo,"P ",SQL_STORED_PROCEDURE,8,@PLB_dtBegin,datetime,8,23,3,0
PLB_Update,dbo,"P ",SQL_STORED_PROCEDURE,9,@PLB_dtEnd,datetime,8,23,3,0
PLI_Init,dbo,"P ",SQL_STORED_PROCEDURE,1,@PLI_cID,uniqueidentifier,16,0,0,0
PLI_Insert,dbo,"P ",SQL_STORED_PROCEDURE,1,@PLI_cID,uniqueidentifier,16,0,0,0
PLI_Insert,dbo,"P ",SQL_STORED_PROCEDURE,2,@PLI_dtCreated,datetime,8,23,3,0
PLI_Insert,dbo,"P ",SQL_STORED_PROCEDURE,3,@PLI_dtLastModified,datetime,8,23,3,0
PLI_Insert,dbo,"P ",SQL_STORED_PROCEDURE,4,@PLI_dtDeleted,datetime,8,23,3,0
PLI_Insert,dbo,"P ",SQL_STORED_PROCEDURE,5,@CLI_cID,uniqueidentifier,16,0,0,0
PLI_Insert,dbo,"P ",SQL_STORED_PROCEDURE,6,@PLI_cWorkPlace,nvarchar,100,0,0,0
PLI_Insert,dbo,"P ",SQL_STORED_PROCEDURE,7,@PLI_cLineName,nvarchar,100,0,0,0
PLI_Select,dbo,"P ",SQL_STORED_PROCEDURE,1,@WhereClause,varchar,-1,0,0,0
PLI_Update,dbo,"P ",SQL_STORED_PROCEDURE,1,@PLI_cID,uniqueidentifier,16,0,0,0
PLI_Update,dbo,"P ",SQL_STORED_PROCEDURE,2,@PLI_dtCreated,datetime,8,23,3,0
PLI_Update,dbo,"P ",SQL_STORED_PROCEDURE,3,@PLI_dtLastModified,datetime,8,23,3,1
PLI_Update,dbo,"P ",SQL_STORED_PROCEDURE,4,@PLI_dtDeleted,datetime,8,23,3,0
PLI_Update,dbo,"P ",SQL_STORED_PROCEDURE,5,@CLI_cID,uniqueidentifier,16,0,0,0
PLI_Update,dbo,"P ",SQL_STORED_PROCEDURE,6,@PLI_cWorkPlace,nvarchar,100,0,0,0
PLI_Update,dbo,"P ",SQL_STORED_PROCEDURE,7,@PLI_cLineName,nvarchar,100,0,0,0
PRD_Insert,dbo,"P ",SQL_STORED_PROCEDURE,1,@PRD_cID,uniqueidentifier,16,0,0,0
PRD_Insert,dbo,"P ",SQL_STORED_PROCEDURE,2,@PRD_dtCreated,datetime,8,23,3,0
PRD_Insert,dbo,"P ",SQL_STORED_PROCEDURE,3,@PRD_dtLastModified,datetime,8,23,3,0
PRD_Insert,dbo,"P ",SQL_STORED_PROCEDURE,4,@PRD_dtDeleted,datetime,8,23,3,0
PRD_Insert,dbo,"P ",SQL_STORED_PROCEDURE,5,@PLI_cID,uniqueidentifier,16,0,0,0
PRD_Insert,dbo,"P ",SQL_STORED_PROCEDURE,6,@PRD_cName,nvarchar,160,0,0,0
PRD_Insert,dbo,"P ",SQL_STORED_PROCEDURE,7,@PRD_cCode,nvarchar,60,0,0,0
PRD_Insert,dbo,"P ",SQL_STORED_PROCEDURE,8,@PRD_cType,varchar,10,0,0,0
PRD_Insert,dbo,"P ",SQL_STORED_PROCEDURE,9,@SI_cUnitOfMeasure,varchar,15,0,0,0
PRD_Insert,dbo,"P ",SQL_STORED_PROCEDURE,10,@PRD_rWeightPerUnit,real,4,24,0,0
PRD_Insert,dbo,"P ",SQL_STORED_PROCEDURE,11,@CAT_cID,uniqueidentifier,16,0,0,0
PRD_Insert,dbo,"P ",SQL_STORED_PROCEDURE,12,@PRD_cImageID,uniqueidentifier,16,0,0,0
PRD_Select,dbo,"P ",SQL_STORED_PROCEDURE,1,@WhereClause,varchar,-1,0,0,0
PRD_Update,dbo,"P ",SQL_STORED_PROCEDURE,1,@PRD_cID,uniqueidentifier,16,0,0,0
PRD_Update,dbo,"P ",SQL_STORED_PROCEDURE,2,@PRD_dtCreated,datetime,8,23,3,0
PRD_Update,dbo,"P ",SQL_STORED_PROCEDURE,3,@PRD_dtLastModified,datetime,8,23,3,1
PRD_Update,dbo,"P ",SQL_STORED_PROCEDURE,4,@PRD_dtDeleted,datetime,8,23,3,0
PRD_Update,dbo,"P ",SQL_STORED_PROCEDURE,5,@PLI_cID,uniqueidentifier,16,0,0,0
PRD_Update,dbo,"P ",SQL_STORED_PROCEDURE,6,@PRD_cName,nvarchar,160,0,0,0
PRD_Update,dbo,"P ",SQL_STORED_PROCEDURE,7,@PRD_cCode,nvarchar,60,0,0,0
PRD_Update,dbo,"P ",SQL_STORED_PROCEDURE,8,@PRD_cType,varchar,10,0,0,0
PRD_Update,dbo,"P ",SQL_STORED_PROCEDURE,9,@SI_cUnitOfMeasure,varchar,15,0,0,0
PRD_Update,dbo,"P ",SQL_STORED_PROCEDURE,10,@PRD_rWeightPerUnit,real,4,24,0,0
PRD_Update,dbo,"P ",SQL_STORED_PROCEDURE,11,@CAT_cID,uniqueidentifier,16,0,0,0
PRD_Update,dbo,"P ",SQL_STORED_PROCEDURE,12,@PRD_cImageID,uniqueidentifier,16,0,0,0
PRE_Init,dbo,"P ",SQL_STORED_PROCEDURE,1,@CLI_cID,uniqueidentifier,16,0,0,0
PRE_Init,dbo,"P ",SQL_STORED_PROCEDURE,2,@PRE_cKey,varchar,50,0,0,0
PRE_Init,dbo,"P ",SQL_STORED_PROCEDURE,3,@PRE_cValue,varchar,-1,0,0,0
PRE_Init,dbo,"P ",SQL_STORED_PROCEDURE,4,@PLI_cID,uniqueidentifier,16,0,0,0
PRE_Init,dbo,"P ",SQL_STORED_PROCEDURE,5,@USE_cID,uniqueidentifier,16,0,0,0
PRE_Init,dbo,"P ",SQL_STORED_PROCEDURE,6,@Override,bit,1,1,0,0
PRE_InitGraph,dbo,"P ",SQL_STORED_PROCEDURE,1,@CLI_cID,uniqueidentifier,16,0,0,0
PRE_Select,dbo,"P ",SQL_STORED_PROCEDURE,1,@CLI_cID,uniqueidentifier,16,0,0,0
ProductionGroup_Init,dbo,"P ",SQL_STORED_PROCEDURE,1,@ProductionGroupId,int,4,10,0,0
ProductProperty_Insert,dbo,"P ",SQL_STORED_PROCEDURE,1,@Name,nvarchar,200,0,0,0
ProductProperty_Insert,dbo,"P ",SQL_STORED_PROCEDURE,2,@Identifier,nvarchar,200,0,0,0
ProductProperty_Insert,dbo,"P ",SQL_STORED_PROCEDURE,3,@Unit,nvarchar,100,0,0,0
ProductProperty_Insert,dbo,"P ",SQL_STORED_PROCEDURE,4,@ByUnit,nvarchar,100,0,0,0
ProductProperty_Insert,dbo,"P ",SQL_STORED_PROCEDURE,5,@FieldTypeId,nvarchar,100,0,0,0
ProductPropertyValueUpdate,dbo,"P ",SQL_STORED_PROCEDURE,1,@PRD_cID,uniqueidentifier,16,0,0,0
ProductPropertyValueUpdate,dbo,"P ",SQL_STORED_PROCEDURE,2,@PropertyIdentifier,nvarchar,200,0,0,0
ProductPropertyValueUpdate,dbo,"P ",SQL_STORED_PROCEDURE,3,@PropertyValue,nvarchar,400,0,0,0
SAN_Insert,dbo,"P ",SQL_STORED_PROCEDURE,1,@SAN_cID,uniqueidentifier,16,0,0,0
SAN_Insert,dbo,"P ",SQL_STORED_PROCEDURE,2,@SAN_dtCreated,datetime,8,23,3,0
SAN_Insert,dbo,"P ",SQL_STORED_PROCEDURE,3,@SAN_dtLastModified,datetime,8,23,3,0
SAN_Insert,dbo,"P ",SQL_STORED_PROCEDURE,4,@SAN_dtDeleted,datetime,8,23,3,0
SAN_Insert,dbo,"P ",SQL_STORED_PROCEDURE,5,@PLI_cID,uniqueidentifier,16,0,0,0
SAN_Insert,dbo,"P ",SQL_STORED_PROCEDURE,6,@SAN_dtBegin,datetime,8,23,3,0
SAN_Insert,dbo,"P ",SQL_STORED_PROCEDURE,7,@SAN_dtEnd,datetime,8,23,3,0
SAN_Insert,dbo,"P ",SQL_STORED_PROCEDURE,8,@SAN_iSeconds,int,4,10,0,0
SAN_Select,dbo,"P ",SQL_STORED_PROCEDURE,1,@WhereClause,varchar,-1,0,0,0
SAN_Update,dbo,"P ",SQL_STORED_PROCEDURE,1,@SAN_cID,uniqueidentifier,16,0,0,0
SAN_Update,dbo,"P ",SQL_STORED_PROCEDURE,2,@SAN_dtCreated,datetime,8,23,3,0
SAN_Update,dbo,"P ",SQL_STORED_PROCEDURE,3,@SAN_dtLastModified,datetime,8,23,3,1
SAN_Update,dbo,"P ",SQL_STORED_PROCEDURE,4,@SAN_dtDeleted,datetime,8,23,3,0
SAN_Update,dbo,"P ",SQL_STORED_PROCEDURE,5,@PLI_cID,uniqueidentifier,16,0,0,0
SAN_Update,dbo,"P ",SQL_STORED_PROCEDURE,6,@SAN_dtBegin,datetime,8,23,3,0
SAN_Update,dbo,"P ",SQL_STORED_PROCEDURE,7,@SAN_dtEnd,datetime,8,23,3,0
SAN_Update,dbo,"P ",SQL_STORED_PROCEDURE,8,@SAN_iSeconds,int,4,10,0,0
sp_alterdiagram,dbo,"P ",SQL_STORED_PROCEDURE,1,@diagramname,sysname,256,0,0,0
sp_alterdiagram,dbo,"P ",SQL_STORED_PROCEDURE,2,@owner_id,int,4,10,0,0
sp_alterdiagram,dbo,"P ",SQL_STORED_PROCEDURE,3,@version,int,4,10,0,0
sp_alterdiagram,dbo,"P ",SQL_STORED_PROCEDURE,4,@definition,varbinary,-1,0,0,0
sp_creatediagram,dbo,"P ",SQL_STORED_PROCEDURE,1,@diagramname,sysname,256,0,0,0
sp_creatediagram,dbo,"P ",SQL_STORED_PROCEDURE,2,@owner_id,int,4,10,0,0
sp_creatediagram,dbo,"P ",SQL_STORED_PROCEDURE,3,@version,int,4,10,0,0
sp_creatediagram,dbo,"P ",SQL_STORED_PROCEDURE,4,@definition,varbinary,-1,0,0,0
sp_dropdiagram,dbo,"P ",SQL_STORED_PROCEDURE,1,@diagramname,sysname,256,0,0,0
sp_dropdiagram,dbo,"P ",SQL_STORED_PROCEDURE,2,@owner_id,int,4,10,0,0
sp_helpdiagramdefinition,dbo,"P ",SQL_STORED_PROCEDURE,1,@diagramname,sysname,256,0,0,0
sp_helpdiagramdefinition,dbo,"P ",SQL_STORED_PROCEDURE,2,@owner_id,int,4,10,0,0
sp_helpdiagrams,dbo,"P ",SQL_STORED_PROCEDURE,1,@diagramname,sysname,256,0,0,0
sp_helpdiagrams,dbo,"P ",SQL_STORED_PROCEDURE,2,@owner_id,int,4,10,0,0
sp_renamediagram,dbo,"P ",SQL_STORED_PROCEDURE,1,@diagramname,sysname,256,0,0,0
sp_renamediagram,dbo,"P ",SQL_STORED_PROCEDURE,2,@owner_id,int,4,10,0,0
sp_renamediagram,dbo,"P ",SQL_STORED_PROCEDURE,3,@new_diagramname,sysname,256,0,0,0
StandardDefinition_Init,dbo,"P ",SQL_STORED_PROCEDURE,1,@PLI_cID,uniqueidentifier,16,0,0,0
StandardDefinition_Insert,dbo,"P ",SQL_STORED_PROCEDURE,1,@Name,nvarchar,200,0,0,0
StandardDefinition_Insert,dbo,"P ",SQL_STORED_PROCEDURE,2,@Identifier,nvarchar,200,0,0,0
StandardDefinition_Insert,dbo,"P ",SQL_STORED_PROCEDURE,3,@Unit,nvarchar,100,0,0,0
StandardDefinition_Insert,dbo,"P ",SQL_STORED_PROCEDURE,4,@ByUnit,nvarchar,100,0,0,0
StandardDefinition_Insert,dbo,"P ",SQL_STORED_PROCEDURE,5,@FieldTypeId,nvarchar,100,0,0,0
StandardDefinition_Insert,dbo,"P ",SQL_STORED_PROCEDURE,6,@PLI_cID,uniqueidentifier,16,0,0,0
StandardDefinition_Insert,dbo,"P ",SQL_STORED_PROCEDURE,7,@DefaultValue,real,4,24,0,0
StandardDefinition_Insert,dbo,"P ",SQL_STORED_PROCEDURE,8,@AllowNegative,bit,1,1,0,0
StandardValueUpdate,dbo,"P ",SQL_STORED_PROCEDURE,1,@PLI_cID,uniqueidentifier,16,0,0,0
StandardValueUpdate,dbo,"P ",SQL_STORED_PROCEDURE,2,@PRD_cID,uniqueidentifier,16,0,0,0
StandardValueUpdate,dbo,"P ",SQL_STORED_PROCEDURE,3,@StandardIdentifier,nvarchar,200,0,0,0
StandardValueUpdate,dbo,"P ",SQL_STORED_PROCEDURE,4,@StandardValue,real,4,24,0,0
StandardValueUpdate,dbo,"P ",SQL_STORED_PROCEDURE,5,@StandardValueText,nvarchar,400,0,0,0
StandardValueUpdate,dbo,"P ",SQL_STORED_PROCEDURE,6,@StandardValueDateTime,datetime,8,23,3,0
STR_Insert,dbo,"P ",SQL_STORED_PROCEDURE,1,@Original,varchar,512,0,0,0
STR_Insert,dbo,"P ",SQL_STORED_PROCEDURE,2,@Culture,varchar,5,0,0,0
STR_Insert,dbo,"P ",SQL_STORED_PROCEDURE,3,@Translated,varchar,512,0,0,0
TourneyValueType_Init,dbo,"P ",SQL_STORED_PROCEDURE,1,@KitTemplateId,int,4,10,0,0
TSI_AutoStart,dbo,"P ",SQL_STORED_PROCEDURE,1,@Now,datetime,8,23,3,0
TSI_Init,dbo,"P ",SQL_STORED_PROCEDURE,1,@PLI_cID,uniqueidentifier,16,0,0,0
ULM_Init,dbo,"P ",SQL_STORED_PROCEDURE,1,@USE_cID,uniqueidentifier,16,0,0,0
Unit_Update,dbo,"P ",SQL_STORED_PROCEDURE,1,@PLI_cID,uniqueidentifier,16,0,0,0
URI_GetUserRights,dbo,"P ",SQL_STORED_PROCEDURE,1,@USE_cID,uniqueidentifier,16,0,0,0
URI_Insert,dbo,"P ",SQL_STORED_PROCEDURE,1,@URI_cID,uniqueidentifier,16,0,0,0
URI_Insert,dbo,"P ",SQL_STORED_PROCEDURE,2,@CLI_cID,uniqueidentifier,16,0,0,0
URI_Insert,dbo,"P ",SQL_STORED_PROCEDURE,3,@ACT_cKey,varchar,50,0,0,0
URI_Insert,dbo,"P ",SQL_STORED_PROCEDURE,4,@GRO_cID,uniqueidentifier,16,0,0,0
URI_Insert,dbo,"P ",SQL_STORED_PROCEDURE,5,@USE_cID,uniqueidentifier,16,0,0,0
URI_Insert,dbo,"P ",SQL_STORED_PROCEDURE,6,@PLI_cID,uniqueidentifier,16,0,0,0
URI_Insert,dbo,"P ",SQL_STORED_PROCEDURE,7,@MDE_cID,uniqueidentifier,16,0,0,0
URI_Insert,dbo,"P ",SQL_STORED_PROCEDURE,8,@URI_iGranted,int,4,10,0,0
URI_Select,dbo,"P ",SQL_STORED_PROCEDURE,1,@WhereClause,varchar,-1,0,0,0
URI_Update,dbo,"P ",SQL_STORED_PROCEDURE,1,@URI_cID,uniqueidentifier,16,0,0,0
URI_Update,dbo,"P ",SQL_STORED_PROCEDURE,2,@URI_dtCreated,datetime,8,23,3,0
URI_Update,dbo,"P ",SQL_STORED_PROCEDURE,3,@URI_dtLastModified,datetime,8,23,3,0
URI_Update,dbo,"P ",SQL_STORED_PROCEDURE,4,@URI_dtDeleted,datetime,8,23,3,0
URI_Update,dbo,"P ",SQL_STORED_PROCEDURE,5,@ACT_cKey,varchar,50,0,0,0
URI_Update,dbo,"P ",SQL_STORED_PROCEDURE,6,@GRO_cID,uniqueidentifier,16,0,0,0
URI_Update,dbo,"P ",SQL_STORED_PROCEDURE,7,@USE_cID,uniqueidentifier,16,0,0,0
URI_Update,dbo,"P ",SQL_STORED_PROCEDURE,8,@PLI_cID,uniqueidentifier,16,0,0,0
URI_Update,dbo,"P ",SQL_STORED_PROCEDURE,9,@URI_iGranted,int,4,10,0,0
USE_GetClientIdByEmail,dbo,"P ",SQL_STORED_PROCEDURE,1,@USE_cEmail,varchar,-1,0,0,0
USE_GetClientIdByEmail,dbo,"P ",SQL_STORED_PROCEDURE,2,@CLI_cID,uniqueidentifier,16,0,0,1
USE_GetClientIdByEmail,dbo,"P ",SQL_STORED_PROCEDURE,3,@USE_cID,uniqueidentifier,16,0,0,1
USE_InitSystemUsers,dbo,"P ",SQL_STORED_PROCEDURE,1,@CLI_cId,uniqueidentifier,16,0,0,0
USE_Insert,dbo,"P ",SQL_STORED_PROCEDURE,1,@USE_cID,uniqueidentifier,16,0,0,0
USE_Insert,dbo,"P ",SQL_STORED_PROCEDURE,2,@USE_dtCreated,datetime,8,23,3,0
USE_Insert,dbo,"P ",SQL_STORED_PROCEDURE,3,@USE_dtLastModified,datetime,8,23,3,0
USE_Insert,dbo,"P ",SQL_STORED_PROCEDURE,4,@USE_dtDeleted,datetime,8,23,3,0
USE_Insert,dbo,"P ",SQL_STORED_PROCEDURE,5,@CLI_cID,uniqueidentifier,16,0,0,0
USE_Insert,dbo,"P ",SQL_STORED_PROCEDURE,6,@USE_cName,nvarchar,160,0,0,0
USE_Insert,dbo,"P ",SQL_STORED_PROCEDURE,7,@USE_cEmail,nvarchar,160,0,0,0
USE_Insert,dbo,"P ",SQL_STORED_PROCEDURE,8,@USE_cPassword,nvarchar,80,0,0,0
USE_Insert,dbo,"P ",SQL_STORED_PROCEDURE,9,@USE_bActive,bit,1,1,0,0
USE_Insert,dbo,"P ",SQL_STORED_PROCEDURE,10,@DEV_cID,uniqueidentifier,16,0,0,0
USE_Insert,dbo,"P ",SQL_STORED_PROCEDURE,11,@GRO_cID,uniqueidentifier,16,0,0,0
USE_Select,dbo,"P ",SQL_STORED_PROCEDURE,1,@WhereClause,varchar,-1,0,0,0
USE_Update,dbo,"P ",SQL_STORED_PROCEDURE,1,@USE_cID,uniqueidentifier,16,0,0,0
USE_Update,dbo,"P ",SQL_STORED_PROCEDURE,2,@USE_dtCreated,datetime,8,23,3,0
USE_Update,dbo,"P ",SQL_STORED_PROCEDURE,3,@USE_dtLastModified,datetime,8,23,3,1
USE_Update,dbo,"P ",SQL_STORED_PROCEDURE,4,@USE_dtDeleted,datetime,8,23,3,0
USE_Update,dbo,"P ",SQL_STORED_PROCEDURE,5,@CLI_cID,uniqueidentifier,16,0,0,0
USE_Update,dbo,"P ",SQL_STORED_PROCEDURE,6,@USE_cName,nvarchar,160,0,0,0
USE_Update,dbo,"P ",SQL_STORED_PROCEDURE,7,@USE_cEmail,nvarchar,160,0,0,0
USE_Update,dbo,"P ",SQL_STORED_PROCEDURE,8,@USE_cPassword,nvarchar,80,0,0,0
USE_Update,dbo,"P ",SQL_STORED_PROCEDURE,9,@USE_bActive,bit,1,1,0,0
USE_Update,dbo,"P ",SQL_STORED_PROCEDURE,10,@DEV_cID,uniqueidentifier,16,0,0,0
USE_Update,dbo,"P ",SQL_STORED_PROCEDURE,11,@GRO_cID,uniqueidentifier,16,0,0,0
