CALC_AVG_DOWNTIME_PLI,1247343508,FN,SQL_SCALAR_FUNCTION,2016-01-17 20:06:40.050,2016-07-21 18:22:41.107
CALC_AVG_PLB,1426104121,FN,SQL_SCALAR_FUNCTION,2015-05-10 09:40:48.180,2016-07-21 18:22:41.143
CALC_AVG_START_PLI,1263343565,FN,SQL_SCALAR_FUNCTION,2016-01-17 20:06:40.083,2016-01-17 20:06:40.083
CALC_COUNT_ACTIVE_EMPLOYEE_PLB,2062630391,FN,SQL_SCALAR_FUNCTION,2015-05-10 09:40:57.307,2015-05-10 09:40:57.307
CALC_COUNT_ACTIVE_EMPLOYEE_PLI,1682105033,FN,SQL_SCALAR_FUNCTION,2015-05-10 09:40:48.747,2015-05-10 09:40:48.747
CALC_COUNT_BY_COUNT_MDEs_PLI,1442104178,FN,SQL_SCALAR_FUNCTION,2015-05-10 09:40:48.223,2016-07-21 18:22:41.183
CALC_COUNT_CAT_PLI,1451868239,FN,SQL_SCALAR_FUNCTION,2017-05-29 11:02:22.487,2017-05-29 11:02:22.487
CALC_COUNT_DOWNTIME_PLB,1458104235,FN,SQL_SCALAR_FUNCTION,2015-05-10 09:40:48.267,2016-07-21 18:22:41.223
CALC_COUNT_DOWNTIME_PLI,1474104292,FN,SQL_SCALAR_FUNCTION,2015-05-10 09:40:48.310,2016-07-21 18:22:41.267
CALC_COUNT_EMPLOYEE_PLI,1490104349,FN,SQL_SCALAR_FUNCTION,2015-05-10 09:40:48.347,2015-05-10 09:40:48.347
CALC_COUNT_MDEs_PLI,1771153355,FN,SQL_SCALAR_FUNCTION,2015-05-10 09:41:04.417,2016-07-21 18:22:41.300
CALC_COUNT_PLB,530100929,FN,SQL_SCALAR_FUNCTION,2015-05-10 09:40:45.443,2016-07-21 18:22:41.360
CALC_COUNT_PLI,1202103323,FN,SQL_SCALAR_FUNCTION,2015-05-10 09:40:47.670,2016-07-21 18:22:41.397
CALC_COUNT_PRD,219863850,FN,SQL_SCALAR_FUNCTION,2016-07-21 18:22:45.297,2016-07-21 18:22:45.297
CALC_COUNT_PRD_PLI,1218103380,FN,SQL_SCALAR_FUNCTION,2015-05-10 09:40:47.713,2015-05-10 09:40:47.713
CALC_COUNT_TAG,235863907,FN,SQL_SCALAR_FUNCTION,2016-07-21 18:22:45.330,2016-07-21 18:22:45.330
CALC_COUNT_UNIT,251863964,FN,SQL_SCALAR_FUNCTION,2016-07-21 18:22:45.367,2016-07-21 18:22:45.367
CALC_DISPONIBILITY_PLB,194099732,FN,SQL_SCALAR_FUNCTION,2015-05-10 09:40:44.653,2015-05-10 09:40:44.653
CALC_DISPONIBILITY_PLI,258099960,FN,SQL_SCALAR_FUNCTION,2015-05-10 09:40:44.810,2016-01-17 20:06:37.283
CALC_DISPONIBILITY_PRD,1279343622,FN,SQL_SCALAR_FUNCTION,2016-01-17 20:06:40.107,2016-07-21 18:22:41.430
CALC_DISPONIBILITY_TSI,523864933,FN,SQL_SCALAR_FUNCTION,2016-10-03 16:32:40.360,2016-10-03 16:32:40.360
CALC_DOWNTIME_ACTIVE_PLI,539864990,FN,SQL_SCALAR_FUNCTION,2016-10-03 16:32:40.393,2016-10-03 16:32:40.393
CALC_DOWNTIME_PLB,869578136,FN,SQL_SCALAR_FUNCTION,2015-05-10 09:40:41.937,2016-07-21 18:22:41.463
CALC_DOWNTIME_PLI,242099903,FN,SQL_SCALAR_FUNCTION,2015-05-10 09:40:44.777,2016-07-21 18:22:41.493
CALC_DOWNTIME_PRD,1295343679,FN,SQL_SCALAR_FUNCTION,2016-01-17 20:06:40.137,2016-01-17 20:06:40.137
CALC_DOWNTIME_UNPLANNED_PLI,1311343736,FN,SQL_SCALAR_FUNCTION,2016-01-17 20:06:40.160,2016-01-17 20:06:40.160
CALC_DURATION_PLB,885578193,FN,SQL_SCALAR_FUNCTION,2015-05-10 09:40:41.980,2015-05-10 09:40:41.980
CALC_DURATION_PLI,306100131,FN,SQL_SCALAR_FUNCTION,2015-05-10 09:40:44.933,2016-07-21 18:22:41.533
CALC_DURATION_PRD,267864021,FN,SQL_SCALAR_FUNCTION,2016-07-21 18:22:45.400,2016-07-21 18:22:45.400
CALC_EMPLOYEE_COST_PLI,1327343793,FN,SQL_SCALAR_FUNCTION,2016-01-17 20:06:40.200,2016-01-17 20:06:40.200
CALC_EMPLOYEE_TIME_PLI,1762105318,FN,SQL_SCALAR_FUNCTION,2015-05-10 09:40:49.383,2015-05-10 09:40:49.383
CALC_EMPLOYEE_TIME_PRD,1342627826,FN,SQL_SCALAR_FUNCTION,2015-05-10 09:40:55.067,2015-05-10 09:40:55.067
CALC_GAP_STD_PLI,283864078,FN,SQL_SCALAR_FUNCTION,2016-07-21 18:22:45.443,2016-07-21 18:22:45.443
CALC_LAST_INTERVAL_DATE_PLI,1346103836,FN,SQL_SCALAR_FUNCTION,2015-05-10 09:40:47.987,2016-07-21 18:22:41.577
CALC_LAST_PRD_PLI,2098106515,FN,SQL_SCALAR_FUNCTION,2015-05-10 09:40:50.143,2015-05-10 09:40:50.143
CALC_LAST_TIME_PLI,299864135,FN,SQL_SCALAR_FUNCTION,2016-07-21 18:22:45.473,2016-07-21 18:22:45.473
CALC_LAST_VALUE,1362103893,FN,SQL_SCALAR_FUNCTION,2015-05-10 09:40:48.023,2016-07-21 18:22:41.603
CALC_LAST_VALUE_DELAY_PLI,315864192,FN,SQL_SCALAR_FUNCTION,2016-07-21 18:22:45.500,2016-07-21 18:22:45.500
CALC_LAST_VALUE_MDEs_PLB,1378103950,FN,SQL_SCALAR_FUNCTION,2015-05-10 09:40:48.060,2016-07-21 18:22:41.640
CALC_LAST_VALUE_MDEs_PLI,1394104007,FN,SQL_SCALAR_FUNCTION,2015-05-10 09:40:48.100,2015-05-10 09:40:48.100
CALC_LAST_VALUE_PLB,354100302,FN,SQL_SCALAR_FUNCTION,2015-05-10 09:40:45.063,2016-07-21 18:22:41.680
CALC_LAST_VALUE_PLI,370100359,FN,SQL_SCALAR_FUNCTION,2015-05-10 09:40:45.100,2015-05-10 09:40:45.100
CALC_LAST_VALUE_STRING_PLB,62623266,FN,SQL_SCALAR_FUNCTION,2015-05-10 09:40:50.387,2017-01-27 11:38:46.773
CALC_MDE_BY_MDE_PLI,1118627028,FN,SQL_SCALAR_FUNCTION,2015-05-10 09:40:53.940,2015-05-10 09:40:53.940
CALC_SPEED_COUNT_ABS_PLI,331864249,FN,SQL_SCALAR_FUNCTION,2016-07-21 18:22:45.540,2016-07-21 18:22:45.540
CALC_SPEED_COUNT_PLB,562101043,FN,SQL_SCALAR_FUNCTION,2015-05-10 09:40:45.540,2016-07-21 18:22:41.750
CALC_SPEED_COUNT_PLI,1634104862,FN,SQL_SCALAR_FUNCTION,2015-05-10 09:40:48.640,2016-07-21 18:22:41.787
CALC_SPEED_COUNT_PRD,347864306,FN,SQL_SCALAR_FUNCTION,2016-07-21 18:22:45.580,2016-07-21 18:22:45.580
CALC_SPEED_SUM_MDEs_PLI,1714105147,FN,SQL_SCALAR_FUNCTION,2015-05-10 09:40:48.870,2015-05-10 09:40:48.870
CALC_SPEED_SUM_PLB,949578421,FN,SQL_SCALAR_FUNCTION,2015-05-10 09:40:42.153,2015-05-10 09:40:42.153
CALC_SPEED_SUM_PLI,626101271,FN,SQL_SCALAR_FUNCTION,2015-05-10 09:40:45.700,2015-05-10 09:40:45.700
CALC_STD_PLB,363864363,FN,SQL_SCALAR_FUNCTION,2016-07-21 18:22:45.610,2016-07-21 18:22:45.610
CALC_SUM_BY_COUNT_PLB,578101100,FN,SQL_SCALAR_FUNCTION,2015-05-10 09:40:45.587,2015-05-10 09:40:45.587
CALC_SUM_BY_SPEED_PLB,594101157,FN,SQL_SCALAR_FUNCTION,2015-05-10 09:40:45.620,2015-05-10 09:40:45.620
CALC_SUM_BY_SPEED_PLI,642101328,FN,SQL_SCALAR_FUNCTION,2015-05-10 09:40:45.737,2015-05-10 09:40:45.737
CALC_SUM_BY_SUM_MDEs_PLI,658101385,FN,SQL_SCALAR_FUNCTION,2015-05-10 09:40:45.777,2016-07-21 18:22:41.907
CALC_SUM_BY_SUM_PLB,674101442,FN,SQL_SCALAR_FUNCTION,2015-05-10 09:40:45.817,2015-05-10 09:40:45.817
CALC_SUM_BY_SUM_PLI,690101499,FN,SQL_SCALAR_FUNCTION,2015-05-10 09:40:45.857,2016-07-21 18:22:41.983
CALC_SUM_CAT_PLI,1435868182,FN,SQL_SCALAR_FUNCTION,2017-05-29 11:02:06.327,2017-05-29 11:02:06.327
CALC_SUM_MDEs_PLB,1343343850,FN,SQL_SCALAR_FUNCTION,2016-01-17 20:06:40.233,2016-01-17 20:06:40.233
CALC_SUM_MDEs_PLI,706101556,FN,SQL_SCALAR_FUNCTION,2015-05-10 09:40:45.893,2016-07-21 18:22:42.020
CALC_SUM_PLB,933578364,FN,SQL_SCALAR_FUNCTION,2015-05-10 09:40:42.107,2016-07-21 18:22:42.060
CALC_SUM_PLI,610101214,FN,SQL_SCALAR_FUNCTION,2015-05-10 09:40:45.657,2016-07-21 18:22:42.093
CALC_SUM_PRD_PLI,1506104406,FN,SQL_SCALAR_FUNCTION,2015-05-10 09:40:48.383,2015-05-10 09:40:48.383
CALC_UPTIME_PLI,507864876,FN,SQL_SCALAR_FUNCTION,2016-10-03 16:24:33.170,2016-10-03 16:24:33.170
CLI_IsValidStatut,1451152215,FN,SQL_SCALAR_FUNCTION,2015-05-10 09:41:03.073,2015-05-10 09:41:03.073
ConcatWithSeparator,1339151816,FN,SQL_SCALAR_FUNCTION,2015-05-10 09:41:02.737,2015-05-10 09:41:02.737
CUSTOM_AVG_CYCLE,847342083,FN,SQL_SCALAR_FUNCTION,2016-01-07 23:30:01.673,2016-01-07 23:32:15.783
CUSTOM_AVG_PLB,11863109,FN,SQL_SCALAR_FUNCTION,2016-03-20 20:44:05.300,2016-03-20 20:44:05.300
CUSTOM_CONVERSION,863342140,FN,SQL_SCALAR_FUNCTION,2016-01-07 23:30:13.363,2016-01-07 23:32:20.097
CUSTOM_CONVERSION_FULL,879342197,FN,SQL_SCALAR_FUNCTION,2016-01-07 23:30:22.090,2016-01-07 23:32:23.957
CUSTOM_USERS,895342254,FN,SQL_SCALAR_FUNCTION,2016-01-07 23:30:32.857,2016-01-07 23:32:27.260
DecodePolyline,1963154039,TF,SQL_TABLE_VALUED_FUNCTION,2015-05-10 09:41:05.050,2015-05-10 09:41:05.050
DEV_HasAlreadyStreamed,1938105945,FN,SQL_SCALAR_FUNCTION,2015-05-10 09:40:49.840,2015-05-10 09:40:49.840
EvalCondition,1726629194,FN,SQL_SCALAR_FUNCTION,2015-05-10 09:40:56.337,2015-05-10 09:40:56.337
EvalConditionString,1742629251,FN,SQL_SCALAR_FUNCTION,2015-05-10 09:40:56.373,2015-05-10 09:40:56.373
EvalMeasure,911342311,FN,SQL_SCALAR_FUNCTION,2015-05-10 09:40:49.337,2017-03-21 15:42:47.597
EvalMeasure,1746105261,FN,SQL_SCALAR_FUNCTION,2015-05-10 09:40:49.337,2017-03-21 15:42:47.597
EvalMeasure,911342311,FN,SQL_SCALAR_FUNCTION,2016-01-07 23:32:03.130,2017-04-03 15:58:17.673
EvalMeasure,1746105261,FN,SQL_SCALAR_FUNCTION,2016-01-07 23:32:03.130,2017-04-03 15:58:17.673
EvalMeasureString,126623494,FN,SQL_SCALAR_FUNCTION,2015-05-10 09:40:50.597,2017-04-21 16:35:36.343
EvalMeasureString,1231343451,FN,SQL_SCALAR_FUNCTION,2015-05-10 09:40:50.597,2017-04-21 16:35:36.343
EvalMeasureString,126623494,FN,SQL_SCALAR_FUNCTION,2016-01-17 20:06:40.020,2016-01-17 20:06:40.020
EvalMeasureString,1231343451,FN,SQL_SCALAR_FUNCTION,2016-01-17 20:06:40.020,2016-01-17 20:06:40.020
EvalTile,1070626857,FN,SQL_SCALAR_FUNCTION,2015-05-10 09:40:54.670,2016-01-17 20:06:38.043
EvalTile,1246627484,FN,SQL_SCALAR_FUNCTION,2015-05-10 09:40:54.670,2016-01-17 20:06:38.043
EvalTile,1070626857,FN,SQL_SCALAR_FUNCTION,2015-05-10 09:40:53.840,2016-01-17 20:06:37.153
EvalTile,1246627484,FN,SQL_SCALAR_FUNCTION,2015-05-10 09:40:53.840,2016-01-17 20:06:37.153
EvalTileString,1262627541,FN,SQL_SCALAR_FUNCTION,2015-05-10 09:40:54.880,2015-05-10 09:40:54.880
EvalTileString,1278627598,FN,SQL_SCALAR_FUNCTION,2015-05-10 09:40:54.880,2015-05-10 09:40:54.880
EvalTileString,1262627541,FN,SQL_SCALAR_FUNCTION,2015-05-10 09:40:54.773,2015-05-10 09:40:54.773
EvalTileString,1278627598,FN,SQL_SCALAR_FUNCTION,2015-05-10 09:40:54.773,2015-05-10 09:40:54.773
FloatDivide,1643152899,FN,SQL_SCALAR_FUNCTION,2015-05-10 09:41:04.053,2015-05-10 09:41:04.053
fn_diagramobjects,495340829,FN,SQL_SCALAR_FUNCTION,2015-11-06 12:41:24.710,2015-11-06 12:41:24.710
FractionToFloat,1931153925,FN,SQL_SCALAR_FUNCTION,2015-05-10 09:41:04.953,2015-05-10 09:41:04.953
Get_MDE_cId_OfSensor,1550628567,FN,SQL_SCALAR_FUNCTION,2015-05-10 09:40:55.593,2015-05-10 09:40:55.593
GetActiveTimeShiftDates,1970106059,TF,SQL_TABLE_VALUED_FUNCTION,2015-05-10 09:40:49.930,2015-10-21 08:15:31.613
GetAdvancement,294292108,FN,SQL_SCALAR_FUNCTION,2015-06-25 17:46:09.077,2015-06-25 17:46:09.077
GetAlertValue,167671645,FN,SQL_SCALAR_FUNCTION,2015-05-10 09:41:06.030,2015-05-10 09:41:06.030
GetAllTimeShiftDates,1141579105,TF,SQL_TABLE_VALUED_FUNCTION,2015-05-10 09:40:42.563,2015-10-21 08:15:31.637
GetAllTimeShiftDatesForDate,1125579048,TF,SQL_TABLE_VALUED_FUNCTION,2015-05-10 09:40:42.513,2015-10-21 08:15:31.660
GetAvailabilityTimeShiftProductionGroup,843866073,FN,SQL_SCALAR_FUNCTION,2017-01-27 11:38:49.557,2017-01-27 11:38:49.557
GetCost,310292165,FN,SQL_SCALAR_FUNCTION,2015-06-25 17:46:24.840,2015-06-25 17:46:24.840
GetCurrentActiveProduction4Line,670625432,FN,SQL_SCALAR_FUNCTION,2015-05-10 09:40:52.807,2015-05-10 09:40:52.807
GetCurrentDateTime,757577737,FN,SQL_SCALAR_FUNCTION,2015-05-10 09:40:41.677,2015-05-10 09:40:41.677
GetDateWithoutMillisec,542624976,FN,SQL_SCALAR_FUNCTION,2015-05-10 09:40:52.420,2015-05-10 09:40:52.420
GetDateWithoutSec,1611152785,FN,SQL_SCALAR_FUNCTION,2015-05-10 09:41:03.587,2015-05-10 09:41:03.587
GetEmployeeCount,1359343907,FN,SQL_SCALAR_FUNCTION,2016-01-17 20:06:40.263,2016-01-17 20:06:40.263
GetEmployeeDefaultOperation,1454628225,FN,SQL_SCALAR_FUNCTION,2015-05-10 09:40:55.300,2015-05-10 09:40:55.300
GetFormArray,2075154438,TF,SQL_TABLE_VALUED_FUNCTION,2015-05-10 09:41:05.287,2015-05-10 09:41:05.287
GetFormArrayNumber,2111346586,TF,SQL_TABLE_VALUED_FUNCTION,2016-02-29 13:09:06.107,2016-02-29 13:09:06.107
GetFormTable,2143346700,TF,SQL_TABLE_VALUED_FUNCTION,2016-02-29 13:27:55.523,2016-07-21 18:22:45.963
GetGraphIntervals,2059154381,IF,SQL_INLINE_TABLE_VALUED_FUNCTION,2015-05-10 09:41:05.210,2015-05-10 09:41:05.210
GetIntervalDates,2043154324,TF,SQL_TABLE_VALUED_FUNCTION,2015-05-10 09:41:05.177,2016-01-17 20:06:42.470
GetItemsFromCommaString,274100017,TF,SQL_TABLE_VALUED_FUNCTION,2015-05-10 09:40:44.843,2015-05-10 09:40:44.843
GetManagementParameterDateTimeValue,878626173,FN,SQL_SCALAR_FUNCTION,2015-05-10 09:40:53.310,2015-05-10 09:40:53.310
GetManagementParameterValue,130099504,FN,SQL_SCALAR_FUNCTION,2015-05-10 09:40:44.457,2015-05-10 09:40:44.457
GetPauses,1534628510,TF,SQL_TABLE_VALUED_FUNCTION,2015-05-10 09:40:55.557,2017-05-28 10:13:15.723
GetProduct4LineAtTime,1375343964,FN,SQL_SCALAR_FUNCTION,2016-01-17 20:06:40.287,2016-01-17 20:06:40.287
GetProductConfig,366624349,FN,SQL_SCALAR_FUNCTION,2015-05-10 09:40:51.080,2015-05-10 09:40:51.080
GetProductConfigValue,1035150733,FN,SQL_SCALAR_FUNCTION,2015-05-10 09:41:01.870,2015-05-10 09:41:01.870
GetProduction4LineAtTime,987150562,FN,SQL_SCALAR_FUNCTION,2015-05-10 09:41:01.687,2015-05-10 09:41:01.687
GetProductionLineOffset,1391344021,FN,SQL_SCALAR_FUNCTION,2016-01-17 20:06:40.313,2017-03-09 13:27:57.910
GetProductionLineOffsetValue,379864420,FN,SQL_SCALAR_FUNCTION,2016-07-21 18:22:45.637,2017-03-09 13:27:04.547
GetProductionLineTimeFromServer,1243867498,FN,SQL_SCALAR_FUNCTION,2017-03-21 14:59:28.637,2017-04-03 12:16:54.807
GetProductionLineTimezoneOffset,1211867384,FN,SQL_SCALAR_FUNCTION,2017-03-21 12:59:11.740,2017-04-03 12:33:26.347
GetProductionSeconds,971150505,FN,SQL_SCALAR_FUNCTION,2015-05-10 09:41:01.647,2016-07-21 18:22:42.607
GetProductPropertyValue,322100188,FN,SQL_SCALAR_FUNCTION,2015-05-10 09:40:44.970,2015-05-10 09:40:44.970
GetProductPropertyValueAtTime,395864477,FN,SQL_SCALAR_FUNCTION,2016-07-21 18:22:45.673,2016-07-21 18:22:45.673
GetProductPropertyValues,279672044,TF,SQL_TABLE_VALUED_FUNCTION,2015-05-10 09:41:06.720,2015-05-10 09:41:06.720
GetRevenuCivile,326292222,FN,SQL_SCALAR_FUNCTION,2015-06-25 17:46:35.520,2015-06-25 17:46:35.520
GetRevenuMecanique,342292279,FN,SQL_SCALAR_FUNCTION,2015-06-25 17:46:43.153,2015-06-25 17:46:43.153
GetSalary,1407344078,FN,SQL_SCALAR_FUNCTION,2016-01-17 20:06:40.337,2016-01-17 20:06:40.337
GetServerTimeFromProductionLine,1259867555,FN,SQL_SCALAR_FUNCTION,2017-03-21 15:00:08.740,2017-04-03 12:33:29.083
GetStandards,1925581898,TF,SQL_TABLE_VALUED_FUNCTION,2015-05-10 09:40:43.683,2015-10-21 08:15:31.587
GetStandardValue,1423344135,FN,SQL_SCALAR_FUNCTION,2016-01-17 20:06:40.363,2016-01-17 20:06:40.363
GetStandardValue4BatchAtTime,1589580701,FN,SQL_SCALAR_FUNCTION,2015-05-10 09:40:43.140,2015-05-10 09:40:43.140
GetTimesheetEventState,939150391,FN,SQL_SCALAR_FUNCTION,2015-05-10 09:41:01.537,2015-05-10 09:41:01.537
GetTimeShiftDates,402100473,TF,SQL_TABLE_VALUED_FUNCTION,2015-05-10 09:40:45.203,2015-10-21 08:15:31.720
GetTimeShiftIntervals,987866586,TF,SQL_TABLE_VALUED_FUNCTION,2017-01-27 11:38:50.300,2017-03-21 15:12:07.830
GetTourneyVarianceInstance,1470628282,FN,SQL_SCALAR_FUNCTION,2015-05-10 09:40:55.330,2015-05-10 09:40:55.330
GetTourneyWorkDayPause,222623836,FN,SQL_SCALAR_FUNCTION,2015-05-10 09:40:50.737,2015-05-10 09:40:50.737
GetTranslated,414624520,FN,SQL_SCALAR_FUNCTION,2015-05-10 09:40:51.167,2015-05-10 09:40:51.167
GetUnit,94623380,FN,SQL_SCALAR_FUNCTION,2015-05-10 09:40:50.467,2015-05-10 09:40:50.467
GetUnit2,862626116,FN,SQL_SCALAR_FUNCTION,2015-05-10 09:40:53.273,2015-05-10 09:40:53.273
GetUnits,2123154609,TF,SQL_TABLE_VALUED_FUNCTION,2015-05-10 09:41:05.387,2015-10-21 08:15:31.537
GetUnitValue,1861581670,FN,SQL_SCALAR_FUNCTION,2015-05-10 09:40:43.560,2015-05-10 09:40:43.560
GetVersion,23671132,FN,SQL_SCALAR_FUNCTION,2015-05-10 09:41:05.450,2015-05-10 09:41:05.450
GRAPH_VARIANCE_DOWNTIME_TOTAL,1967346073,TF,SQL_TABLE_VALUED_FUNCTION,2016-01-17 20:06:42.527,2017-01-27 11:38:50.203
GRAPH_VARIANCE_FREQUENCY,1243151474,TF,SQL_TABLE_VALUED_FUNCTION,2015-05-10 09:41:02.420,2017-01-27 11:38:50.247
IsDowntimePlanned,411864534,FN,SQL_SCALAR_FUNCTION,2016-07-21 18:22:45.700,2017-01-27 11:38:47.667
IsMDEaddedToWorksheet,1013578649,FN,SQL_SCALAR_FUNCTION,2015-05-10 09:40:42.337,2015-05-10 09:40:42.337
IsMeasureDefinitionActionGranted,581577110,FN,SQL_SCALAR_FUNCTION,2015-05-10 09:40:41.377,2015-05-21 20:06:24.400
IsMeasureDefinitionCanHideTile,597577167,FN,SQL_SCALAR_FUNCTION,2015-05-10 09:40:41.413,2015-05-10 09:40:41.413
IsMeasureDefinitionVisible,699149536,FN,SQL_SCALAR_FUNCTION,2015-05-10 09:41:00.163,2015-05-10 09:41:00.163
IsMeasureDefinitionVisibleWCP,75863337,FN,SQL_SCALAR_FUNCTION,2016-05-12 10:28:52.620,2016-05-12 10:28:52.620
IsPositiveNotificationEvent,2014630220,FN,SQL_SCALAR_FUNCTION,2015-05-10 09:40:57.200,2015-05-10 09:40:57.200
IsProductionLineActionGranted,1051150790,FN,SQL_SCALAR_FUNCTION,2015-05-10 09:41:01.920,2015-05-21 20:06:24.440
IsProductionLineVisible,1067150847,FN,SQL_SCALAR_FUNCTION,2015-05-10 09:41:01.970,2015-05-10 09:41:01.970
IsProductionPausedNow,1858105660,FN,SQL_SCALAR_FUNCTION,2015-05-10 09:40:49.650,2015-05-10 09:40:49.650
IsValidUnitOfMeasure,139147541,FN,SQL_SCALAR_FUNCTION,2015-05-10 09:40:58.027,2015-05-10 09:40:58.027
KIT_DOWNTIME_COST_PLI,146099561,FN,SQL_SCALAR_FUNCTION,2015-05-10 09:40:44.523,2017-01-30 16:32:32.223
KIT_DOWNTIME_COST_PRD,1439344192,FN,SQL_SCALAR_FUNCTION,2016-01-17 20:06:40.417,2017-02-09 15:00:20.777
KIT_GIVEAWAY_PLB,722101613,FN,SQL_SCALAR_FUNCTION,2015-05-10 09:40:45.943,2017-02-16 15:09:48.723
KIT_GIVEAWAY_PLI,738101670,FN,SQL_SCALAR_FUNCTION,2015-05-10 09:40:45.987,2017-01-27 11:38:48.033
KIT_GIVEAWAY_PRD,1455344249,FN,SQL_SCALAR_FUNCTION,2016-01-17 20:06:40.470,2017-01-27 11:38:48.127
KIT_GIVEAWAY_STD_PLB,754101727,FN,SQL_SCALAR_FUNCTION,2015-05-10 09:40:46.023,2015-05-10 09:40:46.023
KIT_GIVEAWAY_TOTAL_PLB,770101784,FN,SQL_SCALAR_FUNCTION,2015-05-10 09:40:46.063,2017-02-16 15:09:48.837
KIT_GIVEAWAY_TOTAL_PLI,786101841,FN,SQL_SCALAR_FUNCTION,2015-05-10 09:40:46.103,2017-01-27 11:38:48.250
KIT_GIVEAWAY_TOTAL_PRD,859866130,FN,SQL_SCALAR_FUNCTION,2017-01-27 11:38:49.607,2017-01-27 11:38:49.607
KIT_GIVEAWAY_VALUE_PLB,802101898,FN,SQL_SCALAR_FUNCTION,2015-05-10 09:40:46.150,2017-02-16 15:09:48.910
KIT_GIVEAWAY_VALUE_PLI,818101955,FN,SQL_SCALAR_FUNCTION,2015-05-10 09:40:46.200,2017-01-27 11:38:48.367
KIT_GIVEAWAY_VALUE_PRD,875866187,FN,SQL_SCALAR_FUNCTION,2017-01-27 11:38:49.663,2017-01-27 11:38:49.663
KIT_PROD_AVG_PLB,1801773476,FN,SQL_SCALAR_FUNCTION,2015-05-22 11:28:24.723,2016-01-17 20:06:38.453
KIT_PROD_COST_PLI,834102012,FN,SQL_SCALAR_FUNCTION,2015-05-10 09:40:46.297,2017-02-09 15:00:21.010
KIT_PROD_COST_PRD,1471344306,FN,SQL_SCALAR_FUNCTION,2016-01-17 20:06:40.550,2017-02-09 15:00:21.207
KIT_PROD_COST_VALUE_PLI,1487344363,FN,SQL_SCALAR_FUNCTION,2016-01-17 20:06:40.630,2017-02-09 15:00:21.267
KIT_PROD_COST_VALUE_PRD,1503344420,FN,SQL_SCALAR_FUNCTION,2016-01-17 20:06:40.727,2017-02-09 15:00:21.317
KIT_PROD_COUNT_AVG_PLI,1519344477,FN,SQL_SCALAR_FUNCTION,2016-01-17 20:06:40.777,2016-07-21 18:22:43.300
KIT_PROD_COUNT_AVG_PRD,1535344534,FN,SQL_SCALAR_FUNCTION,2016-01-17 20:06:40.817,2016-01-17 20:06:40.817
KIT_PROD_COUNT_PLB,850102069,FN,SQL_SCALAR_FUNCTION,2015-05-10 09:40:46.363,2017-02-16 15:09:49.253
KIT_PROD_COUNT_PLI,866102126,FN,SQL_SCALAR_FUNCTION,2015-05-10 09:40:46.420,2016-07-21 18:22:43.353
KIT_PROD_COUNT_PRD,1551344591,FN,SQL_SCALAR_FUNCTION,2016-01-17 20:06:40.877,2016-01-17 20:06:40.877
KIT_PROD_COUNT_VALUE_AVG_PLI,1567344648,FN,SQL_SCALAR_FUNCTION,2016-01-17 20:06:40.923,2016-07-21 18:22:43.403
KIT_PROD_COUNT_VALUE_AVG_PRD,1583344705,FN,SQL_SCALAR_FUNCTION,2016-01-17 20:06:40.967,2016-01-17 20:06:40.967
KIT_PROD_EFFICIENCY_LINE_PLB,1599344762,FN,SQL_SCALAR_FUNCTION,2016-01-17 20:06:41.047,2017-02-16 15:09:49.353
KIT_PROD_EFFICIENCY_LINE_PLI,1615344819,FN,SQL_SCALAR_FUNCTION,2016-01-17 20:06:41.120,2016-07-21 18:22:43.483
KIT_PROD_EFFICIENCY_PLB,882102183,FN,SQL_SCALAR_FUNCTION,2015-05-10 09:40:46.510,2017-02-16 15:09:49.443
KIT_PROD_EFFICIENCY_PLI,898102240,FN,SQL_SCALAR_FUNCTION,2015-05-10 09:40:46.600,2016-07-21 18:22:43.587
KIT_PROD_EFFICIENCY_PRD,1631344876,FN,SQL_SCALAR_FUNCTION,2016-01-17 20:06:41.203,2016-01-17 20:06:41.203
KIT_PROD_EFFICIENCY_VALUE_PLI,1647344933,FN,SQL_SCALAR_FUNCTION,2016-01-17 20:06:41.300,2016-10-03 16:32:40.153
KIT_PROD_EFFICIENCY_VALUE_PRD,1663344990,FN,SQL_SCALAR_FUNCTION,2016-01-17 20:06:41.397,2016-10-03 16:32:40.237
KIT_PROD_PRODUCTIVITY_PLB,914102297,FN,SQL_SCALAR_FUNCTION,2015-05-10 09:40:46.687,2017-02-16 15:09:49.493
KIT_PROD_PRODUCTIVITY_PLI,930102354,FN,SQL_SCALAR_FUNCTION,2015-05-10 09:40:46.770,2017-02-09 15:00:21.580
KIT_PROD_PRODUCTIVITY_PRD,891866244,FN,SQL_SCALAR_FUNCTION,2017-01-27 11:38:49.750,2017-02-09 15:00:21.643
KIT_PROD_PRODUCTIVITY_VALUE_PLB,1679345047,FN,SQL_SCALAR_FUNCTION,2016-01-17 20:06:41.490,2017-02-16 15:09:49.683
KIT_PROD_PRODUCTIVITY_VALUE_PLI,907866301,FN,SQL_SCALAR_FUNCTION,2017-01-27 11:38:49.860,2017-02-09 15:00:21.797
KIT_PROD_PRODUCTIVITY_VALUE_PRD,923866358,FN,SQL_SCALAR_FUNCTION,2017-01-27 11:38:49.960,2017-02-09 15:00:21.843
KIT_PROD_SPEED_LINE_PLB,1695345104,FN,SQL_SCALAR_FUNCTION,2016-01-17 20:06:41.547,2017-02-16 15:09:49.903
KIT_PROD_SPEED_LINE_PLI,555865047,FN,SQL_SCALAR_FUNCTION,2016-10-03 16:32:40.437,2016-10-03 16:32:40.437
KIT_PROD_SPEED_PLB,994102582,FN,SQL_SCALAR_FUNCTION,2015-05-10 09:40:47.030,2017-02-16 15:09:50.377
KIT_PROD_SPEED_PRD,1711345161,FN,SQL_SCALAR_FUNCTION,2016-01-17 20:06:41.603,2016-01-17 20:06:41.603
KIT_PROD_SPEED_STD_PLB,1010102639,FN,SQL_SCALAR_FUNCTION,2015-05-10 09:40:47.067,2016-01-17 20:06:39.050
KIT_PROD_SPEED_STD_VALUE_PLB,1727345218,FN,SQL_SCALAR_FUNCTION,2016-01-17 20:06:41.637,2016-10-03 16:32:40.273
KIT_PROD_SPEED_VALUE_PLB,1743345275,FN,SQL_SCALAR_FUNCTION,2016-01-17 20:06:41.710,2017-02-16 15:09:50.473
KIT_PROD_SPEED_VALUE_PRD,1759345332,FN,SQL_SCALAR_FUNCTION,2016-01-17 20:06:41.780,2016-01-17 20:06:41.780
KIT_PROD_SUM_PLB,1775345389,FN,SQL_SCALAR_FUNCTION,2016-01-17 20:06:41.830,2017-02-16 15:09:50.517
KIT_PROD_SUM_PLI,1791345446,FN,SQL_SCALAR_FUNCTION,2016-01-17 20:06:41.873,2016-07-21 18:22:44.033
KIT_PROD_SUM_PRD,427864591,FN,SQL_SCALAR_FUNCTION,2016-07-21 18:22:45.747,2016-07-21 18:22:45.747
KIT_PROD_SUM_TSI,939866415,FN,SQL_SCALAR_FUNCTION,2017-01-27 11:38:50.013,2017-01-27 11:38:50.013
KIT_PROD_VALUE_PLB,1807345503,FN,SQL_SCALAR_FUNCTION,2016-01-17 20:06:41.933,2017-02-16 15:09:50.590
KIT_PROD_VALUE_PLI,1823345560,FN,SQL_SCALAR_FUNCTION,2016-01-17 20:06:41.987,2016-07-21 18:22:44.093
KIT_PROD_VALUE_PRD,443864648,FN,SQL_SCALAR_FUNCTION,2016-07-21 18:22:45.803,2016-07-21 18:22:45.803
KIT_TRG_COUNT_PLB,1839345617,FN,SQL_SCALAR_FUNCTION,2016-01-17 20:06:42.037,2016-07-21 18:22:44.143
KIT_TRG_COUNT_PLI,1855345674,FN,SQL_SCALAR_FUNCTION,2016-01-17 20:06:42.080,2016-07-21 18:22:44.200
KIT_TRG_EFFICIENCY_PLB,459864705,FN,SQL_SCALAR_FUNCTION,2016-07-21 18:22:45.860,2016-07-21 18:22:45.860
KIT_TRG_EFFICIENCY_PLI,1058102810,FN,SQL_SCALAR_FUNCTION,2015-05-10 09:40:47.217,2017-01-27 11:38:49.250
KIT_TRG_EFFICIENCY_PRD,1099866985,FN,SQL_SCALAR_FUNCTION,2017-02-16 15:09:51.240,2017-02-16 15:09:51.240
KIT_TRG_PLB,1115867042,FN,SQL_SCALAR_FUNCTION,2017-02-16 15:09:51.290,2017-02-16 15:09:51.290
KIT_TRG_PLI,1090102924,FN,SQL_SCALAR_FUNCTION,2015-05-10 09:40:47.330,2015-05-10 09:40:47.330
KIT_TRG_PRD,1131867099,FN,SQL_SCALAR_FUNCTION,2017-02-16 15:09:51.320,2017-02-16 15:09:51.320
KIT_TRG_QUALITY_PLB,1147867156,FN,SQL_SCALAR_FUNCTION,2017-02-16 15:09:51.367,2017-02-16 15:09:51.367
KIT_TRG_QUALITY_PLI,1074102867,FN,SQL_SCALAR_FUNCTION,2015-05-10 09:40:47.293,2016-07-21 18:22:44.330
KIT_TRG_QUALITY_PRD,1163867213,FN,SQL_SCALAR_FUNCTION,2017-02-16 15:09:51.417,2017-02-16 15:09:51.417
KIT_TRG_REJECT_COUNT_PLB,1106102981,FN,SQL_SCALAR_FUNCTION,2015-05-10 09:40:47.397,2017-02-16 15:09:50.660
KIT_TRG_REJECT_COUNT_PLI,1871345731,FN,SQL_SCALAR_FUNCTION,2016-01-17 20:06:42.130,2016-07-21 18:22:44.383
KIT_TRG_REJECT_COUNT_PRD,1179867270,FN,SQL_SCALAR_FUNCTION,2017-02-16 15:09:51.473,2017-02-16 15:09:51.473
KIT_TRG_SPEED_COUNT_PLB,1877581727,FN,SQL_SCALAR_FUNCTION,2015-05-10 09:40:43.610,2017-02-16 15:09:50.700
KIT_TRG_SPEED_STD_PLB,571865104,FN,SQL_SCALAR_FUNCTION,2016-10-03 16:32:40.483,2016-10-03 16:32:40.483
KIT_YIELD_COST_PLI,18099105,FN,SQL_SCALAR_FUNCTION,2015-05-10 09:40:44.010,2016-07-21 18:22:44.473
KIT_YIELD_COST_PRD,1887345788,FN,SQL_SCALAR_FUNCTION,2016-01-17 20:06:42.220,2016-01-26 11:11:35.650
KIT_YIELD_COUNT_IN_PLB,34099162,FN,SQL_SCALAR_FUNCTION,2015-05-10 09:40:44.073,2017-02-16 15:09:50.763
KIT_YIELD_COUNT_IN_PRD,955866472,FN,SQL_SCALAR_FUNCTION,2017-01-27 11:38:50.080,2017-01-27 11:38:50.080
KIT_YIELD_COUNT_OUT_PLB,50099219,FN,SQL_SCALAR_FUNCTION,2015-05-10 09:40:44.133,2017-02-16 15:09:50.807
KIT_YIELD_PLB,66099276,FN,SQL_SCALAR_FUNCTION,2015-05-10 09:40:44.220,2017-02-16 15:09:50.923
KIT_YIELD_PLI,82099333,FN,SQL_SCALAR_FUNCTION,2015-05-10 09:40:44.310,2016-07-21 18:22:44.727
KIT_YIELD_PRD,1903345845,FN,SQL_SCALAR_FUNCTION,2016-01-17 20:06:42.293,2017-01-27 11:38:49.373
KIT_YIELD_STD_PLB,98099390,FN,SQL_SCALAR_FUNCTION,2015-05-10 09:40:44.347,2015-05-10 09:40:44.347
KIT_YIELD_SUM_IN_PLB,114099447,FN,SQL_SCALAR_FUNCTION,2015-05-10 09:40:44.407,2017-02-16 15:09:50.973
KIT_YIELD_SUM_IN_PLI,946102411,FN,SQL_SCALAR_FUNCTION,2015-05-10 09:40:46.830,2016-07-21 18:22:44.870
KIT_YIELD_SUM_IN_PRD,971866529,FN,SQL_SCALAR_FUNCTION,2017-01-27 11:38:50.150,2017-01-27 11:38:50.150
KIT_YIELD_SUM_OUT_PLB,962102468,FN,SQL_SCALAR_FUNCTION,2015-05-10 09:40:46.893,2017-02-16 15:09:51.043
KIT_YIELD_SUM_OUT_PLI,978102525,FN,SQL_SCALAR_FUNCTION,2015-05-10 09:40:46.963,2016-07-21 18:22:44.980
LeftTrimNonNumeric,1707153127,FN,SQL_SCALAR_FUNCTION,2015-05-10 09:41:04.220,2015-05-10 09:41:04.220
MDE_GetProductionGroup,1195867327,FN,SQL_SCALAR_FUNCTION,2017-02-16 15:09:51.517,2017-02-16 15:09:51.517
PLB_GetPauseSeconds,942626401,FN,SQL_SCALAR_FUNCTION,2015-05-10 09:40:53.423,2015-05-10 09:40:53.423
PLB_GetPauseSeconds4Time,853578079,FN,SQL_SCALAR_FUNCTION,2015-05-10 09:40:41.900,2015-05-10 09:40:41.900
PLB_GetPauseSecondsFromRange,1637580872,FN,SQL_SCALAR_FUNCTION,2015-05-10 09:40:43.233,2017-02-16 15:09:51.117
PLB_GetPauseSecondsUnplanned4Time,475864762,FN,SQL_SCALAR_FUNCTION,2016-07-21 18:22:45.893,2016-07-21 18:22:45.893
PLB_GetProductionSeconds,1653580929,FN,SQL_SCALAR_FUNCTION,2015-05-10 09:40:43.273,2017-02-16 15:09:51.167
PLI_GetPauseSeconds4Time,226099846,FN,SQL_SCALAR_FUNCTION,2015-05-10 09:40:44.740,2016-07-21 18:22:45.023
PLI_GetPauseSecondsUnplanned4Time,1919345902,FN,SQL_SCALAR_FUNCTION,2016-01-17 20:06:42.330,2016-07-21 18:22:45.060
PLI_GetProductionSeconds,210099789,FN,SQL_SCALAR_FUNCTION,2015-05-10 09:40:44.687,2016-07-21 18:22:45.093
PLI_GetTimeShift,162099618,TF,SQL_TABLE_VALUED_FUNCTION,2015-05-10 09:40:44.577,2017-03-21 15:07:50.973
PLI_GetTimeShiftDay,178099675,TF,SQL_TABLE_VALUED_FUNCTION,2015-05-10 09:40:44.617,2017-03-21 15:09:14.260
PLI_GetTimeShiftForDate,78623323,TF,SQL_TABLE_VALUED_FUNCTION,2015-05-10 09:40:50.427,2015-10-21 08:15:31.790
PRD_GetPauseSeconds,638625318,FN,SQL_SCALAR_FUNCTION,2015-05-10 09:40:52.730,2016-10-03 16:32:40.313
PRD_GetPauseSecondsUnplanned,1935345959,FN,SQL_SCALAR_FUNCTION,2016-01-17 20:06:42.370,2016-07-21 18:22:45.130
PRD_GetProductionSeconds,622625261,FN,SQL_SCALAR_FUNCTION,2015-05-10 09:40:52.690,2015-05-10 09:40:52.690
SplitString,1323151759,TF,SQL_TABLE_VALUED_FUNCTION,2015-05-10 09:41:02.693,2015-05-10 09:41:02.693
TimeToString,1723153184,FN,SQL_SCALAR_FUNCTION,2015-05-10 09:41:04.253,2015-05-10 09:41:04.253
TimeUnitRatio,1845581613,FN,SQL_SCALAR_FUNCTION,2015-05-10 09:40:43.527,2015-05-10 09:40:43.527
TryParseDate,1499152386,FN,SQL_SCALAR_FUNCTION,2015-05-10 09:41:03.227,2015-05-10 09:41:03.227
TSI_GetPauseSecondsUnplanned4Time,587865161,FN,SQL_SCALAR_FUNCTION,2016-10-03 16:32:40.643,2017-02-03 16:55:26.450
TSI_GetProductionSeconds,603865218,FN,SQL_SCALAR_FUNCTION,2016-10-03 16:32:40.740,2017-02-03 16:55:26.163
UnitBaseConversionRatio,1951346016,FN,SQL_SCALAR_FUNCTION,2016-01-17 20:06:42.397,2016-01-17 20:06:42.397
UnitConversionRatio,1733581214,FN,SQL_SCALAR_FUNCTION,2015-05-10 09:40:43.387,2016-07-21 18:22:45.257
UnitRatio,1787153412,FN,SQL_SCALAR_FUNCTION,2015-05-10 09:41:04.450,2015-05-10 09:41:04.450
USER_NAME_INITIALS,1817773533,FN,SQL_SCALAR_FUNCTION,2015-05-22 11:28:24.810,2015-05-22 11:28:24.810
XmlEscape,1371151930,FN,SQL_SCALAR_FUNCTION,2015-05-10 09:41:02.813,2015-05-10 09:41:02.813
XmlUnEscape,1355151873,FN,SQL_SCALAR_FUNCTION,2015-05-10 09:41:02.767,2015-05-10 09:41:02.767
