filestream_tombstone_2073058421,IT,INTERNAL_TABLE,1,FSTSClusIdx,2073058421,CLUSTERED,NA,72057594038976512
filestream_tombstone_2073058421,IT,INTERNAL_TABLE,2,FSTSNCIdx,2073058421,NONCLUSTERED,NA,72057594039042048
filetable_updates_1467868296,IT,INTERNAL_TABLE,1,FFtUpdateIdx,1467868296,CLUSTERED,NA,72057594262978560
plan_persist_context_settings,IT,INTERNAL_TABLE,1,plan_persist_context_settings_cidx,1755869322,CLUSTERED,NA,72057594266517504
plan_persist_plan,IT,INTERNAL_TABLE,1,plan_persist_plan_cidx,1707869151,CLUSTERED,NA,72057594265927680
plan_persist_plan,IT,INTERNAL_TABLE,1,plan_persist_plan_cidx,1707869151,CLUSTERED,NA,72057594266058752
plan_persist_plan,IT,INTERNAL_TABLE,1,plan_persist_plan_cidx,1707869151,CLUSTERED,NA,72057594265993216
plan_persist_plan,IT,INTERNAL_TABLE,2,plan_persist_plan_idx1,1707869151,NONCLUSTERED,NA,72057594266124288
plan_persist_query,IT,INTERNAL_TABLE,1,plan_persist_query_cidx,1691869094,CLUSTERED,NA,72057594265796608
plan_persist_query,IT,INTERNAL_TABLE,2,plan_persist_query_idx1,1691869094,NONCLUSTERED,NA,72057594265862144
plan_persist_query_text,IT,INTERNAL_TABLE,1,plan_persist_query_text_cidx,1675869037,CLUSTERED,NA,72057594265534464
plan_persist_query_text,IT,INTERNAL_TABLE,1,plan_persist_query_text_cidx,1675869037,CLUSTERED,NA,72057594265665536
plan_persist_query_text,IT,INTERNAL_TABLE,1,plan_persist_query_text_cidx,1675869037,CLUSTERED,NA,72057594265600000
plan_persist_query_text,IT,INTERNAL_TABLE,2,plan_persist_query_text_idx1,1675869037,NONCLUSTERED,NA,72057594265731072
plan_persist_runtime_stats,IT,INTERNAL_TABLE,1,plan_persist_runtime_stats_cidx,1723869208,CLUSTERED,NA,72057594266189824
plan_persist_runtime_stats,IT,INTERNAL_TABLE,2,plan_persist_runtime_stats_idx1,1723869208,NONCLUSTERED,NA,72057594266255360
plan_persist_runtime_stats_interval,IT,INTERNAL_TABLE,1,plan_persist_runtime_stats_interval_cidx,1739869265,CLUSTERED,NA,72057594266320896
plan_persist_runtime_stats_interval,IT,INTERNAL_TABLE,1,plan_persist_runtime_stats_interval_cidx,1739869265,CLUSTERED,NA,72057594266386432
plan_persist_runtime_stats_interval,IT,INTERNAL_TABLE,2,plan_persist_runtime_stats_interval_idx1,1739869265,NONCLUSTERED,NA,72057594266451968
queue_messages_1977058079,IT,INTERNAL_TABLE,1,queue_clustered_index,1993058136,CLUSTERED,NA,72057594039304192
queue_messages_1977058079,IT,INTERNAL_TABLE,1,queue_clustered_index,1993058136,CLUSTERED,NA,72057594038321152
queue_messages_1977058079,IT,INTERNAL_TABLE,1,queue_clustered_index,1993058136,CLUSTERED,NA,72057594039369728
queue_messages_1977058079,IT,INTERNAL_TABLE,2,queue_secondary_index,1993058136,NONCLUSTERED,NA,72057594038386688
queue_messages_2009058193,IT,INTERNAL_TABLE,1,queue_clustered_index,2025058250,CLUSTERED,NA,72057594039435264
queue_messages_2009058193,IT,INTERNAL_TABLE,1,queue_clustered_index,2025058250,CLUSTERED,NA,72057594038583296
queue_messages_2009058193,IT,INTERNAL_TABLE,1,queue_clustered_index,2025058250,CLUSTERED,NA,72057594039500800
queue_messages_2009058193,IT,INTERNAL_TABLE,2,queue_secondary_index,2025058250,NONCLUSTERED,NA,72057594038648832
queue_messages_2041058307,IT,INTERNAL_TABLE,1,queue_clustered_index,2057058364,CLUSTERED,NA,72057594039566336
queue_messages_2041058307,IT,INTERNAL_TABLE,1,queue_clustered_index,2057058364,CLUSTERED,NA,72057594038845440
queue_messages_2041058307,IT,INTERNAL_TABLE,1,queue_clustered_index,2057058364,CLUSTERED,NA,72057594039631872
queue_messages_2041058307,IT,INTERNAL_TABLE,2,queue_secondary_index,2057058364,NONCLUSTERED,NA,72057594038910976
sqlagent_job_history,IT,INTERNAL_TABLE,1,sqlagent_job_history_clust,1643868923,CLUSTERED,NA,72057594265075712
sqlagent_job_history,IT,INTERNAL_TABLE,1,sqlagent_job_history_clust,1643868923,CLUSTERED,NA,72057594265141248
sqlagent_job_history,IT,INTERNAL_TABLE,2,sqlagent_job_history_nc1,1643868923,NONCLUSTERED,NA,72057594265206784
sqlagent_jobs,IT,INTERNAL_TABLE,1,sqlagent_jobs_clust,1611868809,CLUSTERED,NA,72057594264354816
sqlagent_jobs,IT,INTERNAL_TABLE,2,sqlagent_jobs_nc1_name,1611868809,NONCLUSTERED,NA,72057594264420352
sqlagent_jobsteps,IT,INTERNAL_TABLE,1,sqlagent_jobsteps_clust,1627868866,CLUSTERED,NA,72057594264682496
sqlagent_jobsteps,IT,INTERNAL_TABLE,1,sqlagent_jobsteps_clust,1627868866,CLUSTERED,NA,72057594264616960
sqlagent_jobsteps,IT,INTERNAL_TABLE,1,sqlagent_jobsteps_clust,1627868866,CLUSTERED,NA,72057594264748032
sqlagent_jobsteps,IT,INTERNAL_TABLE,2,sqlagent_jobsteps_nc1,1627868866,NONCLUSTERED,NA,72057594264813568
sqlagent_jobsteps,IT,INTERNAL_TABLE,3,sqlagent_jobsteps_nc2,1627868866,NONCLUSTERED,NA,72057594264879104
sqlagent_jobsteps_logs,IT,INTERNAL_TABLE,0,NA,1659868980,HEAP,NA,72057594265272320
sqlagent_jobsteps_logs,IT,INTERNAL_TABLE,0,NA,1659868980,HEAP,NA,72057594265337856
sqlagent_jobsteps_logs,IT,INTERNAL_TABLE,2,sqlagent_jobsteps_logs_nc1,1659868980,NONCLUSTERED,NA,72057594265403392
syscommittab,IT,INTERNAL_TABLE,1,ci_commit_ts,2089058478,CLUSTERED,NA,72057594039107584
syscommittab,IT,INTERNAL_TABLE,2,si_xdes_id,2089058478,NONCLUSTERED,NA,72057594039173120
sysallocunits,"S ",SYSTEM_TABLE,1,clust,7,CLUSTERED,NA,458752
sysallocunits,"S ",SYSTEM_TABLE,2,nc,7,NONCLUSTERED,NA,562949953880064
sysasymkeys,"S ",SYSTEM_TABLE,1,cl,95,CLUSTERED,NA,281474982936576
sysasymkeys,"S ",SYSTEM_TABLE,1,cl,95,CLUSTERED,NA,72057594038124544
sysasymkeys,"S ",SYSTEM_TABLE,2,nc1,95,NONCLUSTERED,NA,562949959647232
sysasymkeys,"S ",SYSTEM_TABLE,3,nc3,95,NONCLUSTERED,NA,844424936357888
sysaudacts,"S ",SYSTEM_TABLE,1,clust,59,CLUSTERED,NA,281474980577280
sysbinobjs,"S ",SYSTEM_TABLE,1,clst,58,CLUSTERED,NA,281474980511744
sysbinobjs,"S ",SYSTEM_TABLE,2,nc1,58,NONCLUSTERED,NA,562949957222400
sysbinsubobjs,"S ",SYSTEM_TABLE,1,clst,97,CLUSTERED,NA,281474983067648
sysbinsubobjs,"S ",SYSTEM_TABLE,2,nc1,97,NONCLUSTERED,NA,562949959778304
sysbrickfiles,"S ",SYSTEM_TABLE,1,clst,22,CLUSTERED,NA,281474978152448
syscerts,"S ",SYSTEM_TABLE,1,cl,46,CLUSTERED,NA,281474979725312
syscerts,"S ",SYSTEM_TABLE,1,cl,46,CLUSTERED,NA,72057594038059008
syscerts,"S ",SYSTEM_TABLE,2,nc1,46,NONCLUSTERED,NA,562949956435968
syscerts,"S ",SYSTEM_TABLE,3,nc2,46,NONCLUSTERED,NA,844424933146624
syscerts,"S ",SYSTEM_TABLE,4,nc3,46,NONCLUSTERED,NA,1125899909857280
syschildinsts,"S ",SYSTEM_TABLE,1,cl,80,CLUSTERED,NA,281474981953536
sysclones,"S ",SYSTEM_TABLE,1,clst,6,CLUSTERED,NA,281474977103872
sysclsobjs,"S ",SYSTEM_TABLE,1,clst,64,CLUSTERED,NA,281474980904960
sysclsobjs,"S ",SYSTEM_TABLE,2,nc,64,NONCLUSTERED,NA,562949957615616
syscolpars,"S ",SYSTEM_TABLE,1,clst,41,CLUSTERED,NA,281474979397632
syscolpars,"S ",SYSTEM_TABLE,2,nc,41,NONCLUSTERED,NA,562949956108288
syscompfragments,"S ",SYSTEM_TABLE,1,clst,82,CLUSTERED,NA,281474982084608
sysconvgroup,"S ",SYSTEM_TABLE,1,clst,71,CLUSTERED,NA,281474981363712
syscscolsegments,"S ",SYSTEM_TABLE,1,clust,62,CLUSTERED,NA,72057594264158208
syscsdictionaries,"S ",SYSTEM_TABLE,1,clust,63,CLUSTERED,NA,72057594264223744
syscsrowgroups,"S ",SYSTEM_TABLE,1,clust,35,CLUSTERED,NA,281474979004416
sysdbfiles,"S ",SYSTEM_TABLE,1,clst,20,CLUSTERED,NA,281474978021376
sysdbfrag,"S ",SYSTEM_TABLE,1,cl,18,CLUSTERED,NA,281474977890304
sysdbfrag,"S ",SYSTEM_TABLE,2,nc1,18,NONCLUSTERED,NA,562949954600960
sysdbreg,"S ",SYSTEM_TABLE,1,clst,28,CLUSTERED,NA,281474978545664
sysdbreg,"S ",SYSTEM_TABLE,2,nc1,28,NONCLUSTERED,NA,562949955256320
sysdbreg,"S ",SYSTEM_TABLE,3,nc2,28,NONCLUSTERED,NA,844424931966976
sysdercv,"S ",SYSTEM_TABLE,1,cl,73,CLUSTERED,NA,281474981494784
sysdesend,"S ",SYSTEM_TABLE,1,cl,72,CLUSTERED,NA,281474981429248
sysendpts,"S ",SYSTEM_TABLE,1,clst,56,CLUSTERED,NA,281474980380672
sysendpts,"S ",SYSTEM_TABLE,2,nc1,56,NONCLUSTERED,NA,562949957091328
sysextfileformats,"S ",SYSTEM_TABLE,1,clidx1,38,CLUSTERED,NA,281474979201024
sysextfileformats,"S ",SYSTEM_TABLE,2,ncidx1,38,NONCLUSTERED,NA,562949955911680
sysextsources,"S ",SYSTEM_TABLE,1,clidx1,36,CLUSTERED,NA,281474979069952
sysextsources,"S ",SYSTEM_TABLE,2,ncidx1,36,NONCLUSTERED,NA,562949955780608
sysexttables,"S ",SYSTEM_TABLE,1,clidx1,37,CLUSTERED,NA,281474979135488
sysfgfrag,"S ",SYSTEM_TABLE,1,cl,19,CLUSTERED,NA,281474977955840
sysfiles1,"S ",SYSTEM_TABLE,0,NA,8,HEAP,NA,524288
sysfoqueues,"S ",SYSTEM_TABLE,1,clst,79,CLUSTERED,NA,281474981888000
sysfos,"S ",SYSTEM_TABLE,1,clst,89,CLUSTERED,NA,281474982543360
sysfos,"S ",SYSTEM_TABLE,2,nc1,89,NONCLUSTERED,NA,562949959254016
sysftinds,"S ",SYSTEM_TABLE,1,clst,25,CLUSTERED,NA,281474978349056
sysftproperties,"S ",SYSTEM_TABLE,1,clst,86,CLUSTERED,NA,281474982346752
sysftproperties,"S ",SYSTEM_TABLE,2,nonclst,86,NONCLUSTERED,NA,562949959057408
sysftproperties,"S ",SYSTEM_TABLE,3,nonclstgi,86,NONCLUSTERED,NA,844424935768064
sysftsemanticsdb,"S ",SYSTEM_TABLE,1,cl,84,CLUSTERED,NA,281474982215680
sysftstops,"S ",SYSTEM_TABLE,1,clst,85,CLUSTERED,NA,281474982281216
sysguidrefs,"S ",SYSTEM_TABLE,1,cl,78,CLUSTERED,NA,281474981822464
sysguidrefs,"S ",SYSTEM_TABLE,2,nc,78,NONCLUSTERED,NA,562949958533120
sysidxstats,"S ",SYSTEM_TABLE,1,clst,54,CLUSTERED,NA,281474980249600
sysidxstats,"S ",SYSTEM_TABLE,2,nc,54,NONCLUSTERED,NA,562949956960256
sysiscols,"S ",SYSTEM_TABLE,1,clst,55,CLUSTERED,NA,281474980315136
sysiscols,"S ",SYSTEM_TABLE,2,nc1,55,NONCLUSTERED,NA,562949957025792
syslnklgns,"S ",SYSTEM_TABLE,1,cl,48,CLUSTERED,NA,281474979856384
sysmultiobjrefs,"S ",SYSTEM_TABLE,1,clst,75,CLUSTERED,NA,281474981625856
sysmultiobjrefs,"S ",SYSTEM_TABLE,2,nc1,75,NONCLUSTERED,NA,562949958336512
sysmultiobjvalues,"S ",SYSTEM_TABLE,1,clust,40,CLUSTERED,NA,281474979332096
sysmultiobjvalues,"S ",SYSTEM_TABLE,1,clust,40,CLUSTERED,NA,72057594265468928
sysmultiobjvalues,"S ",SYSTEM_TABLE,2,nc1,40,NONCLUSTERED,NA,562949956042752
sysnsobjs,"S ",SYSTEM_TABLE,1,clst,44,CLUSTERED,NA,281474979594240
sysnsobjs,"S ",SYSTEM_TABLE,2,nc,44,NONCLUSTERED,NA,562949956304896
sysobjkeycrypts,"S ",SYSTEM_TABLE,1,cl,94,CLUSTERED,NA,281474982871040
sysobjkeycrypts,"S ",SYSTEM_TABLE,1,cl,94,CLUSTERED,NA,72057594037993472
sysobjvalues,"S ",SYSTEM_TABLE,1,clst,60,CLUSTERED,NA,281474980642816
sysobjvalues,"S ",SYSTEM_TABLE,1,clst,60,CLUSTERED,NA,71776119065149440
sysowners,"S ",SYSTEM_TABLE,1,clst,27,CLUSTERED,NA,281474978480128
sysowners,"S ",SYSTEM_TABLE,2,nc1,27,NONCLUSTERED,NA,562949955190784
sysowners,"S ",SYSTEM_TABLE,3,nc2,27,NONCLUSTERED,NA,844424931901440
sysphfg,"S ",SYSTEM_TABLE,1,cl,23,CLUSTERED,NA,281474978217984
syspriorities,"S ",SYSTEM_TABLE,1,cl,17,CLUSTERED,NA,281474977824768
syspriorities,"S ",SYSTEM_TABLE,2,nc,17,NONCLUSTERED,NA,562949954535424
syspriorities,"S ",SYSTEM_TABLE,3,nc2,17,NONCLUSTERED,NA,844424931246080
sysprivs,"S ",SYSTEM_TABLE,1,clust,29,CLUSTERED,NA,281474978611200
syspru,"S ",SYSTEM_TABLE,1,cl,21,CLUSTERED,NA,281474978086912
sysprufiles,"S ",SYSTEM_TABLE,1,clst,24,CLUSTERED,NA,281474978283520
sysqnames,"S ",SYSTEM_TABLE,1,clst,90,CLUSTERED,NA,281474982608896
sysqnames,"S ",SYSTEM_TABLE,2,nc1,90,NONCLUSTERED,NA,562949959319552
sysremsvcbinds,"S ",SYSTEM_TABLE,1,clst,67,CLUSTERED,NA,281474981101568
sysremsvcbinds,"S ",SYSTEM_TABLE,2,nc1,67,NONCLUSTERED,NA,562949957812224
sysremsvcbinds,"S ",SYSTEM_TABLE,3,nc2,67,NONCLUSTERED,NA,844424934522880
sysrmtlgns,"S ",SYSTEM_TABLE,1,cl,47,CLUSTERED,NA,281474979790848
sysrowsetrefs,"S ",SYSTEM_TABLE,1,clust,65,CLUSTERED,NA,281474980970496
sysrowsets,"S ",SYSTEM_TABLE,1,clust,5,CLUSTERED,NA,327680
sysrscols,"S ",SYSTEM_TABLE,1,clst,3,CLUSTERED,NA,196608
sysrts,"S ",SYSTEM_TABLE,1,clst,69,CLUSTERED,NA,281474981232640
sysrts,"S ",SYSTEM_TABLE,2,nc1,69,NONCLUSTERED,NA,562949957943296
sysrts,"S ",SYSTEM_TABLE,3,nc2,69,NONCLUSTERED,NA,844424934653952
sysscalartypes,"S ",SYSTEM_TABLE,1,clst,50,CLUSTERED,NA,281474979987456
sysscalartypes,"S ",SYSTEM_TABLE,2,nc1,50,NONCLUSTERED,NA,562949956698112
sysscalartypes,"S ",SYSTEM_TABLE,3,nc2,50,NONCLUSTERED,NA,844424933408768
sysschobjs,"S ",SYSTEM_TABLE,1,clst,34,CLUSTERED,NA,281474978938880
sysschobjs,"S ",SYSTEM_TABLE,2,nc1,34,NONCLUSTERED,NA,562949955649536
sysschobjs,"S ",SYSTEM_TABLE,3,nc2,34,NONCLUSTERED,NA,844424932360192
sysschobjs,"S ",SYSTEM_TABLE,4,nc3,34,NONCLUSTERED,NA,1125899909070848
sysseobjvalues,"S ",SYSTEM_TABLE,1,clst,9,CLUSTERED,NA,281474977300480
sysseobjvalues,"S ",SYSTEM_TABLE,1,clst,9,CLUSTERED,NA,72057594263044096
syssingleobjrefs,"S ",SYSTEM_TABLE,1,clst,74,CLUSTERED,NA,281474981560320
syssingleobjrefs,"S ",SYSTEM_TABLE,2,nc1,74,NONCLUSTERED,NA,562949958270976
syssoftobjrefs,"S ",SYSTEM_TABLE,1,clst,98,CLUSTERED,NA,72057594039762944
syssoftobjrefs,"S ",SYSTEM_TABLE,2,nc1,98,NONCLUSTERED,NA,562949959843840
syssqlguides,"S ",SYSTEM_TABLE,1,clst,96,CLUSTERED,NA,281474983002112
syssqlguides,"S ",SYSTEM_TABLE,1,clst,96,CLUSTERED,NA,72057594039238656
syssqlguides,"S ",SYSTEM_TABLE,2,nc1,96,NONCLUSTERED,NA,562949959712768
syssqlguides,"S ",SYSTEM_TABLE,3,nc2,96,NONCLUSTERED,NA,844424936423424
systypedsubobjs,"S ",SYSTEM_TABLE,1,clst,51,CLUSTERED,NA,281474980052992
systypedsubobjs,"S ",SYSTEM_TABLE,2,nc,51,NONCLUSTERED,NA,562949956763648
sysusermsgs,"S ",SYSTEM_TABLE,1,clst,45,CLUSTERED,NA,281474979659776
syswebmethods,"S ",SYSTEM_TABLE,1,clst,57,CLUSTERED,NA,281474980446208
sysxlgns,"S ",SYSTEM_TABLE,1,cl,42,CLUSTERED,NA,281474979463168
sysxlgns,"S ",SYSTEM_TABLE,2,nc1,42,NONCLUSTERED,NA,562949956173824
sysxlgns,"S ",SYSTEM_TABLE,3,nc2,42,NONCLUSTERED,NA,844424932884480
sysxmitbody,"S ",SYSTEM_TABLE,1,clst,87,CLUSTERED,NA,281474982412288
sysxmitbody,"S ",SYSTEM_TABLE,1,clst,87,CLUSTERED,NA,72057594262913024
sysxmitqueue,"S ",SYSTEM_TABLE,1,clst,68,CLUSTERED,NA,281474981167104
sysxmitqueue,"S ",SYSTEM_TABLE,1,clst,68,CLUSTERED,NA,72057594037927936
sysxmlcomponent,"S ",SYSTEM_TABLE,1,cl,91,CLUSTERED,NA,281474982674432
sysxmlcomponent,"S ",SYSTEM_TABLE,2,nc1,91,NONCLUSTERED,NA,562949959385088
sysxmlfacet,"S ",SYSTEM_TABLE,1,cl,92,CLUSTERED,NA,281474982739968
sysxmlplacement,"S ",SYSTEM_TABLE,1,cl,93,CLUSTERED,NA,281474982805504
sysxmlplacement,"S ",SYSTEM_TABLE,2,nc1,93,NONCLUSTERED,NA,562949959516160
sysxprops,"S ",SYSTEM_TABLE,1,clust,49,CLUSTERED,NA,72057594039697408
sysxsrvs,"S ",SYSTEM_TABLE,1,cl,43,CLUSTERED,NA,281474979528704
sysxsrvs,"S ",SYSTEM_TABLE,2,nc1,43,NONCLUSTERED,NA,562949956239360
ACT_Actions,"U ",USER_TABLE,1,PK_ACT_Actions,2105058535,CLUSTERED,PRIMARY KEY,72057594245611520
ActionPlanProjects,"U ",USER_TABLE,1,PK_ActionPlanProjects,619865275,CLUSTERED,PRIMARY KEY,72057594261798912
ActionPlanProjects,"U ",USER_TABLE,1,PK_ActionPlanProjects,619865275,CLUSTERED,PRIMARY KEY,72057594261733376
ActionPlanTasks,"U ",USER_TABLE,1,PK_ActionPlanTasks,651865389,CLUSTERED,PRIMARY KEY,72057594262061056
ActionPlanTasks,"U ",USER_TABLE,1,PK_ActionPlanTasks,651865389,CLUSTERED,PRIMARY KEY,72057594261995520
APR_ApiRequests,"U ",USER_TABLE,1,PK_APR_ApiRequests,735341684,CLUSTERED,PRIMARY KEY,72057594245742592
APR_ApiRequests,"U ",USER_TABLE,1,PK_APR_ApiRequests,735341684,CLUSTERED,PRIMARY KEY,72057594070368256
APR_ApiRequests,"U ",USER_TABLE,1,PK_APR_ApiRequests,735341684,CLUSTERED,PRIMARY KEY,72057594245808128
APR_ApiRequests,"U ",USER_TABLE,2,IX_APR_Unicity,735341684,NONCLUSTERED,NA,72057594245677056
BMC_BatchMeasuresComputes,"U ",USER_TABLE,1,PK_BMC_BatchMeasuresComputes,1614628795,CLUSTERED,PRIMARY KEY,72057594246004736
BMC_BatchMeasuresComputes,"U ",USER_TABLE,2,IDX_MDE_cID,1614628795,NONCLUSTERED,NA,72057594245873664
BMC_BatchMeasuresComputes,"U ",USER_TABLE,3,IDX_PLB_cID,1614628795,NONCLUSTERED,NA,72057594245939200
BPA_BatchePauses,"U ",USER_TABLE,1,IDX_BPA_dtBegin,821577965,CLUSTERED,NA,72057594246070272
BPA_BatchePauses,"U ",USER_TABLE,2,PK_BPA_BatchePauses,821577965,NONCLUSTERED,PRIMARY KEY,72057594246332416
BPA_BatchePauses,"U ",USER_TABLE,7,IDX_BPA_dtCreated,821577965,NONCLUSTERED,NA,72057594246135808
BPA_BatchePauses,"U ",USER_TABLE,8,IDX_BPA_dtLastModified,821577965,NONCLUSTERED,NA,72057594246201344
BPA_BatchePauses,"U ",USER_TABLE,9,IDX_PLB_cID,821577965,NONCLUSTERED,NA,72057594246266880
CAT_Categories,"U ",USER_TABLE,1,PK_CAT_Categories,453576654,CLUSTERED,PRIMARY KEY,72057594246463488
CAT_Categories,"U ",USER_TABLE,1,PK_CAT_Categories,453576654,CLUSTERED,PRIMARY KEY,72057594181058560
CAT_Categories,"U ",USER_TABLE,1,PK_CAT_Categories,453576654,CLUSTERED,PRIMARY KEY,72057594246529024
CAT_Categories,"U ",USER_TABLE,5,IDX_PLI_cID,453576654,NONCLUSTERED,NA,72057594246397952
CFO_CustomForms,"U ",USER_TABLE,1,PK_CFO_CustomForms,1115151018,CLUSTERED,PRIMARY KEY,72057594246594560
CFO_CustomForms,"U ",USER_TABLE,1,PK_CFO_CustomForms,1115151018,CLUSTERED,PRIMARY KEY,72057594048937984
CFO_CustomForms,"U ",USER_TABLE,1,PK_CFO_CustomForms,1115151018,CLUSTERED,PRIMARY KEY,72057594246660096
CLI_Clients,"U ",USER_TABLE,1,PK_CLI_Clients,229575856,CLUSTERED,PRIMARY KEY,72057594246725632
CLI_Clients,"U ",USER_TABLE,1,PK_CLI_Clients,229575856,CLUSTERED,PRIMARY KEY,72057594040614912
CLI_Clients,"U ",USER_TABLE,1,PK_CLI_Clients,229575856,CLUSTERED,PRIMARY KEY,72057594246791168
Client,"U ",USER_TABLE,0,NA,1881773761,HEAP,NA,72057594064535552
COB_CacheObjects,"U ",USER_TABLE,0,NA,709577566,HEAP,NA,72057594041860096
COB_CacheObjects,"U ",USER_TABLE,5,IX_COB_cKey_USE_cID,709577566,NONCLUSTERED,NA,72057594246856704
COB_CacheObjects,"U ",USER_TABLE,6,IX_COB_USE_cID,709577566,NONCLUSTERED,NA,72057594246922240
COM_Comments,"U ",USER_TABLE,1,PK_COM_Comments,238623893,CLUSTERED,PRIMARY KEY,72057594247118848
COM_Comments,"U ",USER_TABLE,3,IX_COM_Comments_CLI_cId,238623893,NONCLUSTERED,NA,72057594246987776
COM_Comments,"U ",USER_TABLE,4,IX_COM_Comments_dtDeleted,238623893,NONCLUSTERED,NA,72057594247053312
ContactForm,"U ",USER_TABLE,1,PK_ContactForm,239339917,CLUSTERED,PRIMARY KEY,72057594245414912
ContactForm,"U ",USER_TABLE,1,PK_ContactForm,239339917,CLUSTERED,PRIMARY KEY,72057594069319680
ContactForm,"U ",USER_TABLE,1,PK_ContactForm,239339917,CLUSTERED,PRIMARY KEY,72057594245480448
Contremaitre,"U ",USER_TABLE,0,NA,1897773818,HEAP,NA,72057594064601088
COU_Countries,"U ",USER_TABLE,1,PK_COU_Countries,165575628,CLUSTERED,PRIMARY KEY,72057594247184384
CSE_ClientSensors,"U ",USER_TABLE,1,PK_CSE_ClientSensors,485576768,CLUSTERED,PRIMARY KEY,72057594247512064
CSE_ClientSensors,"U ",USER_TABLE,1,PK_CSE_ClientSensors,485576768,CLUSTERED,PRIMARY KEY,72057594041401344
CSE_ClientSensors,"U ",USER_TABLE,1,PK_CSE_ClientSensors,485576768,CLUSTERED,PRIMARY KEY,72057594247577600
CSE_ClientSensors,"U ",USER_TABLE,15,IDX_CLI_cID,485576768,NONCLUSTERED,NA,72057594247249920
CSE_ClientSensors,"U ",USER_TABLE,16,IDX_CSE_cExternalID,485576768,NONCLUSTERED,NA,72057594247315456
CSE_ClientSensors,"U ",USER_TABLE,17,IDX_PLI_cID,485576768,NONCLUSTERED,NA,72057594247380992
CSE_ClientSensors,"U ",USER_TABLE,18,IX_CSE_cKeyUnicity,485576768,NONCLUSTERED,NA,72057594247446528
DEV_Devices,"U ",USER_TABLE,1,PK_DEV_Devices,421576540,CLUSTERED,PRIMARY KEY,72057594247774208
DEV_Devices,"U ",USER_TABLE,2,IDX_CLI_cID,421576540,NONCLUSTERED,NA,72057594247643136
DEV_Devices,"U ",USER_TABLE,3,IX_DEV_cUDID_CLI_cID,421576540,NONCLUSTERED,NA,72057594247708672
Diameter,"U ",USER_TABLE,0,NA,1913773875,HEAP,NA,72057594064666624
DiscountType,"U ",USER_TABLE,0,NA,1929773932,HEAP,NA,72057594064732160
DiscountValue,"U ",USER_TABLE,0,NA,1945773989,HEAP,NA,72057594064797696
DME_DayMeasures,"U ",USER_TABLE,1,IDX_DME_dtBegin,1282103608,CLUSTERED,NA,72057594247839744
DME_DayMeasures,"U ",USER_TABLE,1,IDX_DME_dtBegin,1282103608,CLUSTERED,NA,72057594045595648
DME_DayMeasures,"U ",USER_TABLE,1,IDX_DME_dtBegin,1282103608,CLUSTERED,NA,72057594247905280
DME_DayMeasures,"U ",USER_TABLE,2,PK_DME_DayMeasures,1282103608,NONCLUSTERED,PRIMARY KEY,72057594248167424
DME_DayMeasures,"U ",USER_TABLE,8,IDX_DME_MDE_cID,1282103608,NONCLUSTERED,NA,72057594247970816
DME_DayMeasures,"U ",USER_TABLE,9,IDX_DME_USE_Begin,1282103608,NONCLUSTERED,NA,72057594248036352
DME_DayMeasures,"U ",USER_TABLE,10,IDX_FDV_cID,1282103608,NONCLUSTERED,NA,72057594248101888
DowntimeType,"U ",USER_TABLE,1,PK_DowntimeType,1401772051,CLUSTERED,PRIMARY KEY,72057594248232960
DTH_DeviceThumbnails,"U ",USER_TABLE,1,PK_DTH_DeviceThumbnails,1906105831,CLUSTERED,PRIMARY KEY,72057594248429568
DTH_DeviceThumbnails,"U ",USER_TABLE,2,DevID_dtCreated,1906105831,NONCLUSTERED,NA,72057594248298496
DTH_DeviceThumbnails,"U ",USER_TABLE,3,IDX_DEV_cID,1906105831,NONCLUSTERED,NA,72057594248364032
DVI_DeviceVideos,"U ",USER_TABLE,1,PK_DVI_DeviceVideo,702625546,CLUSTERED,PRIMARY KEY,72057594248626176
DVI_DeviceVideos,"U ",USER_TABLE,2,IDX_DEV_cID,702625546,NONCLUSTERED,NA,72057594248495104
DVI_DeviceVideos,"U ",USER_TABLE,3,IDX_DVI_dtCreated,702625546,NONCLUSTERED,NA,72057594248560640
EMP_Employees,"U ",USER_TABLE,1,PK_EMP_Employee,450100644,CLUSTERED,PRIMARY KEY,72057594248757248
EMP_Employees,"U ",USER_TABLE,4,IX_EMP_CLI_cID,450100644,NONCLUSTERED,NA,72057594248691712
Employee,"U ",USER_TABLE,0,NA,1961774046,HEAP,NA,72057594064863232
EmployeeCount,"U ",USER_TABLE,1,PK_EmployeeCount,91863394,CLUSTERED,PRIMARY KEY,72057594248888320
EmployeeCount,"U ",USER_TABLE,2,IDX_DateActive,91863394,NONCLUSTERED,NA,72057594248822784
EmployeeHour,"U ",USER_TABLE,0,NA,1977774103,HEAP,NA,72057594064928768
EmployeeSalary,"U ",USER_TABLE,1,PK_EmployeeSalary,486292792,CLUSTERED,PRIMARY KEY,72057594248953856
EMT_EmployeeTitle,"U ",USER_TABLE,1,PK_EMT_EmployeeTitle,27863166,CLUSTERED,PRIMARY KEY,72057594249019392
ENO_EmployeeNotes,"U ",USER_TABLE,1,PK_ENO_EmployeeNotes,566293077,CLUSTERED,PRIMARY KEY,72057594249216000
ENO_EmployeeNotes,"U ",USER_TABLE,2,IX_ENO_EMP_cID_EMP_dtDate,566293077,NONCLUSTERED,NA,72057594249150464
ENO_EmployeeNotes,"U ",USER_TABLE,3,IX_ENO_dtDeleted,566293077,NONCLUSTERED,NA,72057594249084928
EPA_EmployeePauses,"U ",USER_TABLE,1,PK_EPA_EmployeePauses,2018106230,CLUSTERED,PRIMARY KEY,72057594249347072
EPA_EmployeePauses,"U ",USER_TABLE,4,IX_EPA_EMP_cID,2018106230,NONCLUSTERED,NA,72057594249281536
EPR_EmployeeProductions,"U ",USER_TABLE,1,PK_EPR_EmployeeProductions,1986106116,CLUSTERED,PRIMARY KEY,72057594249412608
EquipmentHour,"U ",USER_TABLE,0,NA,1993774160,HEAP,NA,72057594064994304
EquipmentType,"U ",USER_TABLE,0,NA,2009774217,HEAP,NA,72057594065059840
EquipmentTypeCost,"U ",USER_TABLE,0,NA,2025774274,HEAP,NA,72057594065125376
EstimationForm,"U ",USER_TABLE,1,PK_EstimationForm,607341228,CLUSTERED,PRIMARY KEY,72057594245545984
ETE_EmployeeTimeEvents,"U ",USER_TABLE,1,PK_ETE_EmployeeTimeEvents,482100758,CLUSTERED,PRIMARY KEY,72057594249871360
ETE_EmployeeTimeEvents,"U ",USER_TABLE,2,IDX_ETE_OPE_Begin,482100758,NONCLUSTERED,NA,72057594249478144
ETE_EmployeeTimeEvents,"U ",USER_TABLE,3,IDX_ETE_OPE_End,482100758,NONCLUSTERED,NA,72057594249543680
ETE_EmployeeTimeEvents,"U ",USER_TABLE,4,IX_ETE_dtBegin,482100758,NONCLUSTERED,NA,72057594249609216
ETE_EmployeeTimeEvents,"U ",USER_TABLE,5,IX_ETE_dtEnd,482100758,NONCLUSTERED,NA,72057594249674752
ETE_EmployeeTimeEvents,"U ",USER_TABLE,6,IX_ETE_EMP_cID,482100758,NONCLUSTERED,NA,72057594249740288
ETE_EmployeeTimeEvents,"U ",USER_TABLE,7,IX_ETE_OPE_cID,482100758,NONCLUSTERED,NA,72057594249805824
ETP_EmployeeTimePauses,"U ",USER_TABLE,1,PK_ETP_EmployeeTimePauses,1650104919,CLUSTERED,PRIMARY KEY,72057594250133504
ETP_EmployeeTimePauses,"U ",USER_TABLE,2,IX_ETP_dtBegin,1650104919,NONCLUSTERED,NA,72057594249936896
ETP_EmployeeTimePauses,"U ",USER_TABLE,3,IX_ETP_dtEnd,1650104919,NONCLUSTERED,NA,72057594250002432
ETP_EmployeeTimePauses,"U ",USER_TABLE,4,IX_ETP_ETE_cID,1650104919,NONCLUSTERED,NA,72057594250067968
Event,"U ",USER_TABLE,0,NA,2041774331,HEAP,NA,72057594065190912
Event,"U ",USER_TABLE,1,PK_Event,1849773647,CLUSTERED,PRIMARY KEY,72057594245218304
EventHour,"U ",USER_TABLE,0,NA,2057774388,HEAP,NA,72057594065256448
EventHour,"U ",USER_TABLE,0,NA,2057774388,HEAP,NA,72057594065387520
EventHour,"U ",USER_TABLE,0,NA,2057774388,HEAP,NA,72057594065321984
FDA_FormData,"U ",USER_TABLE,1,PK_FDA_FormData,1122103038,CLUSTERED,PRIMARY KEY,72057594250395648
FDA_FormData,"U ",USER_TABLE,1,PK_FDA_FormData,1122103038,CLUSTERED,PRIMARY KEY,72057594045202432
FDA_FormData,"U ",USER_TABLE,1,PK_FDA_FormData,1122103038,CLUSTERED,PRIMARY KEY,72057594250461184
FDA_FormData,"U ",USER_TABLE,2,IX_FDA_cDataSourceID,1122103038,NONCLUSTERED,NA,72057594250199040
FDA_FormData,"U ",USER_TABLE,3,IX_FDA_cForeignKey,1122103038,NONCLUSTERED,NA,72057594250264576
FDA_FormData,"U ",USER_TABLE,4,IX_FDA_CLI_cID,1122103038,NONCLUSTERED,NA,72057594250330112
FDT_FormDataTables,"U ",USER_TABLE,1,PK_FDT_FormDataTables,1422628111,CLUSTERED,PRIMARY KEY,72057594250657792
FDT_FormDataTables,"U ",USER_TABLE,1,PK_FDT_FormDataTables,1422628111,CLUSTERED,PRIMARY KEY,72057594047496192
FDT_FormDataTables,"U ",USER_TABLE,1,PK_FDT_FormDataTables,1422628111,CLUSTERED,PRIMARY KEY,72057594250723328
FDT_FormDataTables,"U ",USER_TABLE,2,IX_FDT_cDataSourceID,1422628111,NONCLUSTERED,NA,72057594250526720
FDT_FormDataTables,"U ",USER_TABLE,3,IX_FDT_CLI_cID,1422628111,NONCLUSTERED,NA,72057594250592256
FDV_FormDefinitionVersions,"U ",USER_TABLE,1,PK_FDV_FormDefinitionVersions,1250103494,CLUSTERED,PRIMARY KEY,72057594251051008
FDV_FormDefinitionVersions,"U ",USER_TABLE,1,PK_FDV_FormDefinitionVersions,1250103494,CLUSTERED,PRIMARY KEY,72057594045399040
FDV_FormDefinitionVersions,"U ",USER_TABLE,1,PK_FDV_FormDefinitionVersions,1250103494,CLUSTERED,PRIMARY KEY,72057594251116544
FDV_FormDefinitionVersions,"U ",USER_TABLE,5,IX_FDV_dtBegin,1250103494,NONCLUSTERED,NA,72057594250788864
FDV_FormDefinitionVersions,"U ",USER_TABLE,6,IX_FDV_dtDeleted,1250103494,NONCLUSTERED,NA,72057594250854400
FDV_FormDefinitionVersions,"U ",USER_TABLE,7,IX_FDV_FOD_cID,1250103494,NONCLUSTERED,NA,72057594250919936
FDV_FormDefinitionVersions,"U ",USER_TABLE,8,IX_FDV_RemoteID,1250103494,NONCLUSTERED,NA,72057594250985472
FieldType,"U ",USER_TABLE,1,PK__FieldTyp__74418AE259063A47,1461580245,CLUSTERED,PRIMARY KEY,72057594251182080
FOD_FormDefinitions,"U ",USER_TABLE,1,PK_FOD_FormDefinitions,293576084,CLUSTERED,PRIMARY KEY,72057594251444224
FOD_FormDefinitions,"U ",USER_TABLE,5,IX_FOD_CLI_cID,293576084,NONCLUSTERED,NA,72057594251247616
FOD_FormDefinitions,"U ",USER_TABLE,6,IX_FOD_dtDeleted,293576084,NONCLUSTERED,NA,72057594251313152
FOD_FormDefinitions,"U ",USER_TABLE,7,IX_FOD_RemoteID,293576084,NONCLUSTERED,NA,72057594251378688
GRO_Groups,"U ",USER_TABLE,1,PK_GRO_Groups,2137058649,CLUSTERED,PRIMARY KEY,72057594251575296
GRO_Groups,"U ",USER_TABLE,4,IX_GRO_Groups_NameUnicity,2137058649,NONCLUSTERED,NA,72057594251509760
HFD_HistoryFormDefinitionVersions,"U ",USER_TABLE,1,PK_HFD_HistoryFormDefinitionVersions,1819153526,CLUSTERED,PRIMARY KEY,72057594251640832
HFD_HistoryFormDefinitionVersions,"U ",USER_TABLE,1,PK_HFD_HistoryFormDefinitionVersions,1819153526,CLUSTERED,PRIMARY KEY,72057594049265664
HME_HistoryMeasures,"U ",USER_TABLE,1,PK_HME_HistoryMeasures,1086626914,CLUSTERED,PRIMARY KEY,72057594252165120
HME_HistoryMeasures,"U ",USER_TABLE,9,IX_HME_dtBeginInterval,1086626914,NONCLUSTERED,NA,72057594251706368
HME_HistoryMeasures,"U ",USER_TABLE,10,IX_HME_Outdated,1086626914,NONCLUSTERED,NA,72057594251771904
HME_HistoryMeasures,"U ",USER_TABLE,11,IX_HME_PLI_cID,1086626914,NONCLUSTERED,NA,72057594251837440
HME_HistoryMeasures,"U ",USER_TABLE,12,IX_HME_PRD_cID,1086626914,NONCLUSTERED,NA,72057594251902976
HME_HistoryMeasures,"U ",USER_TABLE,13,IX_HME_Scale_MDE_PLI,1086626914,NONCLUSTERED,NA,72057594251968512
HME_HistoryMeasures,"U ",USER_TABLE,14,IX_HME_Scale_MDE_PLI_Created,1086626914,NONCLUSTERED,NA,72057594252034048
HME_HistoryMeasures,"U ",USER_TABLE,15,IX_HME_Unicity,1086626914,NONCLUSTERED,NA,72057594261209088
HME_HistoryMeasures,"U ",USER_TABLE,19,IDX_HME_PLI_Begin_End,1086626914,NONCLUSTERED,NA,72057594262716416
HNO_HistoryNotifications,"U ",USER_TABLE,1,IX_HNO_dtCreated,1390627997,CLUSTERED,NA,72057594252230656
HNO_HistoryNotifications,"U ",USER_TABLE,2,PK_HNO_HistoryNotifications,1390627997,NONCLUSTERED,PRIMARY KEY,72057594252427264
HNO_HistoryNotifications,"U ",USER_TABLE,10,IX_HNO_dtDeleted,1390627997,NONCLUSTERED,NA,72057594252296192
HNO_HistoryNotifications,"U ",USER_TABLE,11,IX_HNO_NOT_cID,1390627997,NONCLUSTERED,NA,72057594252361728
HPR_HistoryProducts,"U ",USER_TABLE,1,IX_HPR_HistoryProducts,2066106401,CLUSTERED,NA,72057594252492800
HPR_HistoryProducts,"U ",USER_TABLE,1,IX_HPR_HistoryProducts,2066106401,CLUSTERED,NA,72057594046316544
HPR_HistoryProducts,"U ",USER_TABLE,2,PK_HPR_HistoryProducts,2066106401,NONCLUSTERED,PRIMARY KEY,72057594252558336
JAL_JobAgentLogs,"U ",USER_TABLE,1,PK_JAL_JobAgentLog,395148453,CLUSTERED,PRIMARY KEY,72057594252623872
JAL_JobAgentLogs,"U ",USER_TABLE,1,PK_JAL_JobAgentLog,395148453,CLUSTERED,PRIMARY KEY,72057594048413696
JAL_JobAgentLogs,"U ",USER_TABLE,1,PK_JAL_JobAgentLog,395148453,CLUSTERED,PRIMARY KEY,72057594252689408
JAT_JobAgentTasks,"U ",USER_TABLE,1,PK_JAT_JobAgentTask,347148282,CLUSTERED,PRIMARY KEY,72057594252754944
JobOrder,"U ",USER_TABLE,0,NA,2073774445,HEAP,NA,72057594065453056
JobOrderHour,"U ",USER_TABLE,0,NA,2089774502,HEAP,NA,72057594065518592
JobOrderHour,"U ",USER_TABLE,0,NA,2089774502,HEAP,NA,72057594065649664
JobOrderHour,"U ",USER_TABLE,0,NA,2089774502,HEAP,NA,72057594065584128
JobPhoto,"U ",USER_TABLE,0,NA,2105774559,HEAP,NA,72057594065715200
JobPhoto,"U ",USER_TABLE,0,NA,2105774559,HEAP,NA,72057594065846272
JobPhoto,"U ",USER_TABLE,0,NA,2105774559,HEAP,NA,72057594065780736
JobRefection,"U ",USER_TABLE,0,NA,2121774616,HEAP,NA,72057594065911808
JobWork,"U ",USER_TABLE,0,NA,2137774673,HEAP,NA,72057594065977344
JobWorkType,"U ",USER_TABLE,0,NA,6291082,HEAP,NA,72057594066042880
JTT_JobAgentTypes,"U ",USER_TABLE,1,PK_JTT_JobAgentTypes,1291151645,CLUSTERED,PRIMARY KEY,72057594252820480
Kit,"U ",USER_TABLE,1,PK_Kit,357576312,CLUSTERED,PRIMARY KEY,72057594252951552
Kit,"U ",USER_TABLE,4,IX_KitProductionLineUnicity,357576312,NONCLUSTERED,NA,72057594252886016
KitAttributeValue,"U ",USER_TABLE,1,PK_KitAttributeValue,1749581271,CLUSTERED,PRIMARY KEY,72057594253082624
KitAttributeValue,"U ",USER_TABLE,1,PK_KitAttributeValue,1749581271,CLUSTERED,PRIMARY KEY,72057594043957248
KitAttributeValue,"U ",USER_TABLE,5,IDX_KitId,1749581271,NONCLUSTERED,NA,72057594253017088
KitTemplate,"U ",USER_TABLE,1,PK_KitTemplate,325576198,CLUSTERED,PRIMARY KEY,72057594253148160
KitTemplateAttribute,"U ",USER_TABLE,1,PK_KitTemplateAttribute,1605580758,CLUSTERED,PRIMARY KEY,72057594253279232
KitTemplateAttribute,"U ",USER_TABLE,4,IDX_Identifier,1605580758,NONCLUSTERED,NA,72057594253213696
LNE_LogNotificationEvent,"U ",USER_TABLE,0,NA,1675153013,HEAP,NA,72057594049134592
Logg,"U ",USER_TABLE,1,PK_Log,894626230,CLUSTERED,PRIMARY KEY,72057594253344768
Logg,"U ",USER_TABLE,1,PK_Log,894626230,CLUSTERED,PRIMARY KEY,72057594046906368
ManagementParameter,"U ",USER_TABLE,1,PK_ManagementParameter,669245439,CLUSTERED,PRIMARY KEY,72057594253410304
ManagementParameterValue,"U ",USER_TABLE,1,PK_ManagementParameterValue,813245952,CLUSTERED,PRIMARY KEY,72057594253541376
ManagementParameterValue,"U ",USER_TABLE,6,IX_UnicityDateActive,813245952,NONCLUSTERED,NA,72057594253475840
Material,"U ",USER_TABLE,0,NA,22291139,HEAP,NA,72057594066108416
MaterialCost,"U ",USER_TABLE,0,NA,38291196,HEAP,NA,72057594066173952
MaterialQuantity,"U ",USER_TABLE,0,NA,54291253,HEAP,NA,72057594066239488
MDE_MeasureDefinitions,"U ",USER_TABLE,1,PK_MDE_MeasureDefinitions,517576882,CLUSTERED,PRIMARY KEY,72057594254065664
MDE_MeasureDefinitions,"U ",USER_TABLE,1,PK_MDE_MeasureDefinitions,517576882,CLUSTERED,PRIMARY KEY,72057594041597952
MDE_MeasureDefinitions,"U ",USER_TABLE,1,PK_MDE_MeasureDefinitions,517576882,CLUSTERED,PRIMARY KEY,72057594254131200
MDE_MeasureDefinitions,"U ",USER_TABLE,13,IDX_CLI_cID,517576882,NONCLUSTERED,NA,72057594253606912
MDE_MeasureDefinitions,"U ",USER_TABLE,14,IDX_CSE_cID,517576882,NONCLUSTERED,NA,72057594253672448
MDE_MeasureDefinitions,"U ",USER_TABLE,15,IDX_MDE_cExternalID,517576882,NONCLUSTERED,NA,72057594253737984
MDE_MeasureDefinitions,"U ",USER_TABLE,16,IDX_MDE_cMeasureType,517576882,NONCLUSTERED,NA,72057594253803520
MDE_MeasureDefinitions,"U ",USER_TABLE,17,IDX_MDE_cStatFormula,517576882,NONCLUSTERED,NA,72057594253869056
MDE_MeasureDefinitions,"U ",USER_TABLE,18,IDX_PLI_cID,517576882,NONCLUSTERED,NA,72057594253934592
MDE_MeasureDefinitions,"U ",USER_TABLE,19,IDX_PRD_cID,517576882,NONCLUSTERED,NA,72057594254000128
MEA_Measures,"U ",USER_TABLE,1,IDX_MEA_dtCreated,927342368,CLUSTERED,NA,72057594254393344
MEA_Measures,"U ",USER_TABLE,1,IDX_MEA_dtCreated,927342368,CLUSTERED,NA,72057594070630400
MEA_Measures,"U ",USER_TABLE,1,IDX_MEA_dtCreated,927342368,CLUSTERED,NA,72057594254458880
MEA_Measures,"U ",USER_TABLE,2,PK_MEA_Measures,927342368,NONCLUSTERED,PRIMARY KEY,72057594254655488
MEA_Measures,"U ",USER_TABLE,3,IDX_MDE_MEA_dtCreated,927342368,NONCLUSTERED,NA,72057594254196736
MEA_Measures,"U ",USER_TABLE,4,IDX_MDE_PLB,927342368,NONCLUSTERED,NA,72057594254262272
MEA_Measures,"U ",USER_TABLE,5,IDX_MEA_cExternalId,927342368,NONCLUSTERED,NA,72057594254327808
MEA_Measures,"U ",USER_TABLE,6,IDX_PLB,927342368,NONCLUSTERED,NA,72057594254524416
MEA_Measures,"U ",USER_TABLE,7,IDX_PRD,927342368,NONCLUSTERED,NA,72057594254589952
MEA_Measures,"U ",USER_TABLE,12,IDX_Check4TimeEvent_MEA_number,927342368,NONCLUSTERED,NA,72057594261340160
MEA_Measures,"U ",USER_TABLE,13,IDX_CSE_GetActiveSensors,927342368,NONCLUSTERED,NA,72057594261405696
MET_MeasureTemplates,"U ",USER_TABLE,1,PK_MET_MeasureTemplates,133575514,CLUSTERED,PRIMARY KEY,72057594254721024
MET_MeasureTemplates,"U ",USER_TABLE,1,PK_MET_MeasureTemplates,133575514,CLUSTERED,PRIMARY KEY,72057594040287232
MET_MeasureTemplates,"U ",USER_TABLE,1,PK_MET_MeasureTemplates,133575514,CLUSTERED,PRIMARY KEY,72057594254786560
NCH_NewsChannel,"U ",USER_TABLE,1,PK_NCH,1822629536,CLUSTERED,PRIMARY KEY,72057594254917632
NCH_NewsChannel,"U ",USER_TABLE,2,IX_NCH_CLI_cID,1822629536,NONCLUSTERED,NA,72057594254852096
NCL_NewsChannelLanguage,"U ",USER_TABLE,1,PK_NCL,2030630277,CLUSTERED,PRIMARY KEY,72057594255114240
NCL_NewsChannelLanguage,"U ",USER_TABLE,1,PK_NCL,2030630277,CLUSTERED,PRIMARY KEY,72057594048151552
NCL_NewsChannelLanguage,"U ",USER_TABLE,1,PK_NCL,2030630277,CLUSTERED,PRIMARY KEY,72057594255179776
NCL_NewsChannelLanguage,"U ",USER_TABLE,2,IX_NCL_cLanguage,2030630277,NONCLUSTERED,NA,72057594254983168
NCL_NewsChannelLanguage,"U ",USER_TABLE,3,IX_NCL_Unicity,2030630277,NONCLUSTERED,NA,72057594255048704
NEM_NotificationEventMinMax,"U ",USER_TABLE,1,PK_NEM_NotificationEventMinMax,990626572,CLUSTERED,PRIMARY KEY,72057594255572992
NEM_NotificationEventMinMax,"U ",USER_TABLE,14,IDX_NEM_dtBegin,990626572,NONCLUSTERED,NA,72057594255245312
NEM_NotificationEventMinMax,"U ",USER_TABLE,15,IDX_NEM_dtEnd,990626572,NONCLUSTERED,NA,72057594255310848
NEM_NotificationEventMinMax,"U ",USER_TABLE,16,IDX_NOT_cID,990626572,NONCLUSTERED,NA,72057594255376384
NEM_NotificationEventMinMax,"U ",USER_TABLE,17,IDX_PLB_cID,990626572,NONCLUSTERED,NA,72057594255441920
NEM_NotificationEventMinMax,"U ",USER_TABLE,18,IX_NEM_NotificationEventMinMax_PositiveEventSendedEmail,990626572,NONCLUSTERED,NA,72057594255507456
NEV_NotificationEvents,"U ",USER_TABLE,1,PK_NEV_NotificationEvents,1918629878,CLUSTERED,PRIMARY KEY,72057594255638528
NFE_NewsFeed,"U ",USER_TABLE,1,PK_NFE,1854629650,CLUSTERED,PRIMARY KEY,72057594255704064
NFL_NewsFeedLangage,"U ",USER_TABLE,1,PK_NFL,1886629764,CLUSTERED,PRIMARY KEY,72057594255900672
NFL_NewsFeedLangage,"U ",USER_TABLE,1,PK_NFL,1886629764,CLUSTERED,PRIMARY KEY,72057594047889408
NFL_NewsFeedLangage,"U ",USER_TABLE,1,PK_NFL,1886629764,CLUSTERED,PRIMARY KEY,72057594255966208
NFL_NewsFeedLangage,"U ",USER_TABLE,2,IX_NFL_cLanguage,1886629764,NONCLUSTERED,NA,72057594255769600
NFL_NewsFeedLangage,"U ",USER_TABLE,3,IX_NFL_Unicity,1886629764,NONCLUSTERED,NA,72057594255835136
NOT_Notifications,"U ",USER_TABLE,1,PK_NOT_Notifications,958626458,CLUSTERED,PRIMARY KEY,72057594256293888
NOT_Notifications,"U ",USER_TABLE,7,IDX_MDE_cID,958626458,NONCLUSTERED,NA,72057594256031744
NOT_Notifications,"U ",USER_TABLE,8,IDX_NOT_bActive,958626458,NONCLUSTERED,NA,72057594256097280
NOT_Notifications,"U ",USER_TABLE,9,IDX_NOT_dtDeleted,958626458,NONCLUSTERED,NA,72057594256162816
NOT_Notifications,"U ",USER_TABLE,10,IDX_USE_cID,958626458,NONCLUSTERED,NA,72057594256228352
Occupation,"U ",USER_TABLE,0,NA,70291310,HEAP,NA,72057594066305024
OccupationCost,"U ",USER_TABLE,0,NA,86291367,HEAP,NA,72057594066370560
OPE_Operations,"U ",USER_TABLE,1,PK_OPE_Operations,418100530,CLUSTERED,PRIMARY KEY,72057594256490496
OPE_Operations,"U ",USER_TABLE,3,IX_OPE_CLI_cID,418100530,NONCLUSTERED,NA,72057594256359424
OPE_Operations,"U ",USER_TABLE,4,IX_OPE_PLI_cID,418100530,NONCLUSTERED,NA,72057594256424960
PLB_ProductionLineBatches,"U ",USER_TABLE,1,IDX_PLB_dtBegin,789577851,CLUSTERED,NA,72057594256556032
PLB_ProductionLineBatches,"U ",USER_TABLE,2,PK_PLB_ProductionLineBatches,789577851,NONCLUSTERED,PRIMARY KEY,72057594256752640
PLB_ProductionLineBatches,"U ",USER_TABLE,13,IDX_PLI_cID,789577851,NONCLUSTERED,NA,72057594256621568
PLB_ProductionLineBatches,"U ",USER_TABLE,14,IDX_PRD_cID,789577851,NONCLUSTERED,NA,72057594256687104
PLB_ProductionLineBatches,"U ",USER_TABLE,15,IDX_PLI_Begin_End,789577851,NONCLUSTERED,NA,72057594262388736
PLI_ProductionLines,"U ",USER_TABLE,1,PK_PLI_ProductionLines,261575970,CLUSTERED,PRIMARY KEY,72057594256949248
PLI_ProductionLines,"U ",USER_TABLE,4,IDX_CLI_cID,261575970,NONCLUSTERED,NA,72057594256818176
PLI_ProductionLines,"U ",USER_TABLE,5,IDX_PLI_cExternalID,261575970,NONCLUSTERED,NA,72057594256883712
PRD_Products,"U ",USER_TABLE,1,PK_PRD_Products,389576426,CLUSTERED,PRIMARY KEY,72057594257342464
PRD_Products,"U ",USER_TABLE,1,PK_PRD_Products,389576426,CLUSTERED,PRIMARY KEY,72057594041073664
PRD_Products,"U ",USER_TABLE,1,PK_PRD_Products,389576426,CLUSTERED,PRIMARY KEY,72057594257408000
PRD_Products,"U ",USER_TABLE,7,IDX_CAT_cID,389576426,NONCLUSTERED,NA,72057594257014784
PRD_Products,"U ",USER_TABLE,8,IDX_PLI_cID,389576426,NONCLUSTERED,NA,72057594257080320
PRD_Products,"U ",USER_TABLE,9,IDX_PRD_cExternalID,389576426,NONCLUSTERED,NA,72057594257145856
PRD_Products,"U ",USER_TABLE,10,IX_PRD_Products_PRD_cType,389576426,NONCLUSTERED,NA,72057594257276928
PRD_Products,"U ",USER_TABLE,13,IDX_PRD_dtDeleted,389576426,NONCLUSTERED,NA,72057594257211392
PRE_Preferences,"U ",USER_TABLE,1,PK_PRE_Preferences,725577623,CLUSTERED,PRIMARY KEY,72057594257539072
PRE_Preferences,"U ",USER_TABLE,1,PK_PRE_Preferences,725577623,CLUSTERED,PRIMARY KEY,72057594042056704
PRE_Preferences,"U ",USER_TABLE,1,PK_PRE_Preferences,725577623,CLUSTERED,PRIMARY KEY,72057594257604608
PRE_Preferences,"U ",USER_TABLE,8,IX_PRE_Preferences,725577623,NONCLUSTERED,NA,72057594257473536
ProductionGroupProductionLines,"U ",USER_TABLE,1,PK_ProductionGroupProductionLines,683865503,CLUSTERED,PRIMARY KEY,72057594262192128
ProductionGroups,"U ",USER_TABLE,1,PK_ProductionGroup,1003866643,CLUSTERED,PRIMARY KEY,72057594262650880
ProductionGroupStandardDefinition,"U ",USER_TABLE,1,PK_ProductionGroupStandardDefinition,1275867612,CLUSTERED,PRIMARY KEY,72057594262781952
ProductionGroupStandardValue,"U ",USER_TABLE,1,PK_ProductionGroupStandardValue,1339867840,CLUSTERED,PRIMARY KEY,72057594262847488
ProductProperty,"U ",USER_TABLE,1,PK_ProductProperty,1669580986,CLUSTERED,PRIMARY KEY,72057594257735680
ProductProperty,"U ",USER_TABLE,4,IX_ProductProperty_Identifier,1669580986,NONCLUSTERED,NA,72057594257670144
ProductPropertyValue,"U ",USER_TABLE,1,PK_ProductPropertyValue,1701581100,CLUSTERED,PRIMARY KEY,72057594257866752
ProductPropertyValue,"U ",USER_TABLE,7,IX_ProductPropertyValueDateUnicity,1701581100,NONCLUSTERED,NA,72057594257801216
RAW_RawData,"U ",USER_TABLE,1,PK_RAW_RawData,661577395,CLUSTERED,PRIMARY KEY,72057594258063360
RAW_RawData,"U ",USER_TABLE,2,IDX_CSE_cID,661577395,NONCLUSTERED,NA,72057594257932288
RAW_RawData,"U ",USER_TABLE,3,IDX_RAW_dtCreated,661577395,NONCLUSTERED,NA,72057594257997824
RawMeasure,"U ",USER_TABLE,1,PK_RawMeasure,822293989,CLUSTERED,PRIMARY KEY,72057594258259968
RawMeasure,"U ",USER_TABLE,2,IX_RawMeasure_ProcessedDate,822293989,NONCLUSTERED,NA,72057594258194432
RawMeasure,"U ",USER_TABLE,3,IX_RawMeasure_ErrorDate,822293989,NONCLUSTERED,NA,72057594258128896
RawMeasure,"U ",USER_TABLE,8,IX_Id_Dates,822293989,NONCLUSTERED,NA,72057594261143552
RefectionType,"U ",USER_TABLE,0,NA,102291424,HEAP,NA,72057594066436096
REG_Regions,"U ",USER_TABLE,1,PK_REG_Regions,197575742,CLUSTERED,PRIMARY KEY,72057594258325504
RevenuType,"U ",USER_TABLE,0,NA,118291481,HEAP,NA,72057594066501632
RevenuValue,"U ",USER_TABLE,0,NA,134291538,HEAP,NA,72057594066567168
SAN_Sanitations,"U ",USER_TABLE,1,PK_SAN_Sanitations,613577224,CLUSTERED,PRIMARY KEY,72057594258456576
SAN_Sanitations,"U ",USER_TABLE,2,IDX_PLI_cID,613577224,NONCLUSTERED,NA,72057594258391040
SCT_SchedulerTasks,"U ",USER_TABLE,1,PK_SCT_SchedulerTasks,1061578820,CLUSTERED,PRIMARY KEY,72057594258522112
SDE_StandardDefinitions,"U ",USER_TABLE,1,PK_SDE_StandardDefinitions,101575400,CLUSTERED,PRIMARY KEY,72057594258587648
SDT_StandardDefTemplates,"U ",USER_TABLE,1,PK_SDT_StandardDefTemplates,69575286,CLUSTERED,PRIMARY KEY,72057594258653184
Sector,"U ",USER_TABLE,0,NA,150291595,HEAP,NA,72057594066632704
SecurityEvent,"U ",USER_TABLE,0,NA,166291652,HEAP,NA,72057594066698240
SecurityGroupType,"U ",USER_TABLE,0,NA,182291709,HEAP,NA,72057594066763776
SecurityType,"U ",USER_TABLE,0,NA,198291766,HEAP,NA,72057594066829312
StandardDefinition,"U ",USER_TABLE,1,PK_StandardDefinition_1,941246408,CLUSTERED,PRIMARY KEY,72057594258784256
StandardValue,"U ",USER_TABLE,1,PK_StandardValue_1,1101246978,CLUSTERED,PRIMARY KEY,72057594258915328
StandardValue,"U ",USER_TABLE,8,IX_UnicityDateActive,1101246978,NONCLUSTERED,NA,72057594258849792
STD_Standards,"U ",USER_TABLE,1,PK_STD_Standards,71671303,CLUSTERED,PRIMARY KEY,72057594258980864
STR_StringResources,"U ",USER_TABLE,1,PK_STR_StringResources,382624406,CLUSTERED,PRIMARY KEY,72057594259111936
STR_StringResources,"U ",USER_TABLE,3,IX_STR_Unicity,382624406,NONCLUSTERED,NA,72057594259046400
Subscription,"U ",USER_TABLE,1,PK_Subscription,1865773704,CLUSTERED,PRIMARY KEY,72057594245283840
Subscription,"U ",USER_TABLE,1,PK_Subscription,1865773704,CLUSTERED,PRIMARY KEY,72057594064470016
Subscription,"U ",USER_TABLE,1,PK_Subscription,1865773704,CLUSTERED,PRIMARY KEY,72057594245349376
Supplier,"U ",USER_TABLE,0,NA,214291823,HEAP,NA,72057594066894848
SupplierEquipmentType,"U ",USER_TABLE,0,NA,230291880,HEAP,NA,72057594066960384
sysdiagrams,"U ",USER_TABLE,1,PK__sysdiagr__C2B05B6114F1071C,319340202,CLUSTERED,PRIMARY KEY,72057594069516288
sysdiagrams,"U ",USER_TABLE,1,PK__sysdiagr__C2B05B6114F1071C,319340202,CLUSTERED,PRIMARY KEY,72057594069647360
sysdiagrams,"U ",USER_TABLE,1,PK__sysdiagr__C2B05B6114F1071C,319340202,CLUSTERED,PRIMARY KEY,72057594069581824
sysdiagrams,"U ",USER_TABLE,2,UK_principal_name,319340202,NONCLUSTERED,UNIQUE,72057594069712896
Timesheet,"U ",USER_TABLE,0,NA,246291937,HEAP,NA,72057594067025920
Tourney,"U ",USER_TABLE,1,PK_Tourney_2,2069582411,CLUSTERED,PRIMARY KEY,72057594259177472
Tourney,"U ",USER_TABLE,9,IDX_TourneyStart_TourneyEnd_KitId,2069582411,NONCLUSTERED,NA,72057594262454272
Tourney,"U ",USER_TABLE,10,IDX_TourneyStart_TourneyEnd_PLI,2069582411,NONCLUSTERED,NA,72057594262519808
TourneyProduct,"U ",USER_TABLE,1,PK_TourneyProduct_1,2101582525,CLUSTERED,PRIMARY KEY,72057594259243008
TourneyProduct,"U ",USER_TABLE,1,PK_TourneyProduct_1,2101582525,CLUSTERED,PRIMARY KEY,72057594261274624
TourneyProduct,"U ",USER_TABLE,1,PK_TourneyProduct_1,2101582525,CLUSTERED,PRIMARY KEY,72057594261471232
TourneyProduct,"U ",USER_TABLE,7,IDX_TourneyId,2101582525,NONCLUSTERED,NA,72057594261536768
TourneyTemplate,"U ",USER_TABLE,1,PK_TourneyTemplate_2,1973582069,CLUSTERED,PRIMARY KEY,72057594259308544
TourneyValue,"U ",USER_TABLE,1,PK_TourneyValue_2,2133582639,CLUSTERED,PRIMARY KEY,72057594259374080
TourneyValueType,"U ",USER_TABLE,1,PK_TourneyValueType,1229247434,CLUSTERED,PRIMARY KEY,72057594259439616
TourneyVariance,"U ",USER_TABLE,1,PK_TourneyVariance_1,2005582183,CLUSTERED,PRIMARY KEY,72057594259505152
TourneyVariance,"U ",USER_TABLE,1,PK_TourneyVariance_1,2005582183,CLUSTERED,PRIMARY KEY,72057594044481536
TourneyVariance,"U ",USER_TABLE,1,PK_TourneyVariance_1,2005582183,CLUSTERED,PRIMARY KEY,72057594259570688
TourneyVarianceInstance,"U ",USER_TABLE,1,PK_TourneyVarianceInstance,2037582297,CLUSTERED,PRIMARY KEY,72057594259636224
TourneyVarianceInstance,"U ",USER_TABLE,1,PK_TourneyVarianceInstance,2037582297,CLUSTERED,PRIMARY KEY,72057594044612608
TourneyVarianceResponsible,"U ",USER_TABLE,1,PK_TourneyVarianceResponsible,1941581955,CLUSTERED,PRIMARY KEY,72057594259701760
TourneyWorkDay,"U ",USER_TABLE,1,PK_TourneyWorkDay_1,158623608,CLUSTERED,PRIMARY KEY,72057594259767296
TourneyWorkDayPause,"U ",USER_TABLE,1,PK_TourneyWorkDayPause_1,190623722,CLUSTERED,PRIMARY KEY,72057594259832832
Transport,"U ",USER_TABLE,0,NA,262291994,HEAP,NA,72057594067091456
TSI_TimeShifts,"U ",USER_TABLE,1,PK_TSI_TimeShift,1093578934,CLUSTERED,PRIMARY KEY,72057594259898368
TSK_Task,"U ",USER_TABLE,1,PK_TSK_Task,1029578706,CLUSTERED,PRIMARY KEY,72057594259963904
TSK_Task,"U ",USER_TABLE,1,PK_TSK_Task,1029578706,CLUSTERED,PRIMARY KEY,72057594042777600
TSK_Task,"U ",USER_TABLE,1,PK_TSK_Task,1029578706,CLUSTERED,PRIMARY KEY,72057594260029440
UFR_UserFormRequests,"U ",USER_TABLE,1,PK_UFR_UserFormRequest,763149764,CLUSTERED,PRIMARY KEY,72057594260094976
UFR_UserFormRequests,"U ",USER_TABLE,1,PK_UFR_UserFormRequest,763149764,CLUSTERED,PRIMARY KEY,72057594048741376
ULI_UserLoginInfos,"U ",USER_TABLE,1,IX_ULI_USE_cID_ULI_dtCreated,1325247776,CLUSTERED,NA,72057594260160512
ULI_UserLoginInfos,"U ",USER_TABLE,2,PK_ULI_UserLoginInfos,1325247776,NONCLUSTERED,PRIMARY KEY,72057594260226048
ULM_UserLineMeasures,"U ",USER_TABLE,1,PK_ULM_UserLineMeasures,981578535,CLUSTERED,PRIMARY KEY,72057594260553728
ULM_UserLineMeasures,"U ",USER_TABLE,8,IDX_MDE_cID,981578535,NONCLUSTERED,NA,72057594260291584
ULM_UserLineMeasures,"U ",USER_TABLE,9,IDX_PLI_cID,981578535,NONCLUSTERED,NA,72057594260357120
ULM_UserLineMeasures,"U ",USER_TABLE,10,IDX_USE_cID,981578535,NONCLUSTERED,NA,72057594260422656
ULM_UserLineMeasures,"U ",USER_TABLE,18,IX_ULM_UserLineMeasuresUnicity,981578535,NONCLUSTERED,NA,72057594260488192
URI_UserRights,"U ",USER_TABLE,1,PK_URI_UserRights,1193771310,CLUSTERED,PRIMARY KEY,72057594260684800
URI_UserRights,"U ",USER_TABLE,2,IX_URI_UserRightsUnicityKeys,1193771310,NONCLUSTERED,NA,72057594260619264
USE_Users,"U ",USER_TABLE,1,PK_USE_Users,37575172,CLUSTERED,PRIMARY KEY,72057594261012480
USE_Users,"U ",USER_TABLE,20,IDX_CLI_cID,37575172,NONCLUSTERED,NA,72057594260750336
USE_Users,"U ",USER_TABLE,21,IDX_DEV_cID,37575172,NONCLUSTERED,NA,72057594260815872
USE_Users,"U ",USER_TABLE,22,IDX_USE_cEmail,37575172,NONCLUSTERED,NA,72057594260881408
USE_Users,"U ",USER_TABLE,23,IDX_USE_cEmail_CLI_cID,37575172,NONCLUSTERED,NA,72057594260946944
USP_UserPrefs,"U ",USER_TABLE,1,PK_USE_UserPrefs,667149422,CLUSTERED,PRIMARY KEY,72057594261078016
WorkDay,"U ",USER_TABLE,0,NA,278292051,HEAP,NA,72057594067156992
WorkDay,"U ",USER_TABLE,0,NA,278292051,HEAP,NA,72057594067288064
WorkDay,"U ",USER_TABLE,0,NA,278292051,HEAP,NA,72057594067222528
